title,country,awards
12 Years a Slave,USA,3
12 Years a Slave,UK,3
2 Guns,USA,0
42,USA,0
47 Ronin,USA,0
A Good Day to Die Hard,USA,0
About Time,UK,0
After Earth,USA,0
American Hustle,USA,0
August: Osage County,USA,0
Beautiful Creatures,USA,0
Blue Jasmine,USA,1
Captain Phillips,USA,0
Carrie,USA,0
Cloudy with a Chance of Meatballs 2,USA,0
Despicable Me 2,USA,0
Don Jon,USA,0
Elysium,USA,0
Epic,USA,0
Escape from Planet Earth,USA,0
Escape from Planet Earth,Canada,0
Escape Plan,USA,0
Evil Dead,USA,0
Frozen,USA,2
G.I. Joe: Retaliation,USA,0
Gangster Squad,USA,0
Gloria,Chile,0
Gloria,Spain,0
Gravity,USA,7
Gravity,UK,7
Grown Ups 2,USA,0
Her,USA,1
Identity Thief,USA,0
Insidious: Chapter 2,USA,0
Insidious: Chapter 2,Canada,0
Iron Man 3,USA,0
Iron Man 3,China,0
Jack the Giant Slayer,USA,0
Kick-Ass 2,USA,0
Kick-Ass 2,UK,0
Machete Kills,Russia,0
Machete Kills,USA,0
Mama,Canada,0
Mama,Spain,0
Man of Steel,USA,0
Man of Steel,Canada,0
Man of Steel,UK,0
Nebraska,USA,0
Now You See Me,France,0
Now You See Me,USA,0
Oblivion,USA,0
Olympus Has Fallen,USA,0
Oz the Great and Powerful,USA,0
Pacific Rim,USA,0
Peeples,USA,0
Percy Jackson: Sea of Monsters,USA,0
Prisoners,USA,0
Riddick,USA,0
Riddick,UK,0
Rush,USA,0
Rush,Germany,0
Rush,UK,0
Safe Haven,USA,0
Saving Mr. Banks,USA,0
Saving Mr. Banks,UK,0
Saving Mr. Banks,Australia,0
Side Effects,USA,0
Star Trek Into Darkness,USA,0
Texas Chainsaw 3D,USA,0
The Big Wedding,USA,0
The Book Thief,USA,0
The Book Thief,Germany,0
The Call,USA,0
The Conjuring,USA,0
The Counselor,USA,0
The Counselor,UK,0
The Croods,USA,0
The Fifth Estate,USA,0
The Fifth Estate,Belgium,0
The Great Gatsby,Australia,2
The Great Gatsby,USA,2
The Heat,USA,0
The Hobbit: The Desolation of Smaug,USA,0
The Hobbit: The Desolation of Smaug,New Zealand,0
The Host,USA,0
The Hunger Games: Catching Fire,USA,0
The Incredible Burt Wonderstone,USA,0
The Internship,USA,0
The Last Exorcism Part II,USA,0
The Lone Ranger,USA,0
The Mortal Instruments: City of Bones,USA,0
The Mortal Instruments: City of Bones,Germany,0
The Mortal Instruments: City of Bones,Canada,0
The Purge,USA,0
The Purge,France,0
The Smurfs 2,USA,0
The Way Way Back,USA,0
The Wolf of Wall Street,USA,0
The Wolverine,USA,0
The Wolverine,UK,0
This Is the End,USA,0
Thor: The Dark World,USA,0
Trance,UK,0
Trance,France,0
Turbo,USA,0
Warm Bodies,USA,0
White House Down,USA,0
World War Z,USA,0
World War Z,Malta,0
Abraham Lincoln: Vampire Hunter,USA,0
Act of Valor,USA,0
Amour,France,1
Amour,Germany,1
Amour,Austria,1
Anna Karenina,UK,1
Argo,USA,3
Battleship,USA,0
Beasts of the Southern Wild,USA,0
Brave,USA,1
Bullet to the Head,USA,0
Chernobyl Diaries,USA,0
Chronicle,USA,0
Cloud Atlas,Germany,0
Cloud Atlas,USA,0
Cloud Atlas,Hong Kong,0
Cloud Atlas,Singapore,0
Django Unchained,USA,2
Flight,USA,0
Frankenweenie,USA,0
Hotel Transylvania,USA,0
Jack Reacher,USA,0
John Carter,USA,0
Killing Them Softly,USA,0
Life of Pi,USA,4
Life of Pi,Taiwan,4
Life of Pi,UK,4
Lincoln,USA,2
Mirror Mirror,USA,0
Mirror Mirror,Canada,0
Moonrise Kingdom,USA,0
Much Ado About Nothing,USA,0
One for the Money,USA,0
Paranormal Activity 4,USA,0
ParaNorman,USA,0
Parental Guidance,USA,0
Pitch Perfect,USA,0
Premium Rush,USA,0
Red Dawn,USA,0
Red Tails,USA,0
Rise of the Guardians,USA,0
Rock of Ages,USA,0
Safe,USA,0
Safety Not Guaranteed,USA,0
Seven Psychopaths,UK,0
Silent Hill: Revelation 3D,France,0
Silent Hill: Revelation 3D,USA,0
Silent Hill: Revelation 3D,Canada,0
Silver Linings Playbook,USA,1
Sinister,USA,0
Sinister,UK,0
Skyfall,UK,2
Skyfall,USA,2
Snow White and the Huntsman,USA,0
Sparkle,USA,0
Spring Breakers,USA,0
Ted,USA,0
The Amazing Spider-Man,USA,0
The Avengers,USA,0
The Dark Knight Rises,USA,0
The Dark Knight Rises,UK,0
The Devil Inside,USA,0
The Dictator,USA,0
The Expendables 2,USA,0
The Hobbit: An Unexpected Journey,USA,0
The Hobbit: An Unexpected Journey,New Zealand,0
The Hunger Games,USA,0
The Impossible,Spain,0
The Man with the Iron Fists,USA,0
The Man with the Iron Fists,Hong Kong,0
The Master,USA,0
The Pirates! Band of Misfits,UK,0
The Pirates! Band of Misfits,USA,0
The Place Beyond the Pines,USA,0
The Twilight Saga: Breaking Dawn - Part 2,USA,0
The Vow,USA,0
The Vow,France,0
The Vow,Australia,0
The Vow,UK,0
The Vow,Germany,0
The Watch,USA,0
The Woman in Black,UK,0
The Woman in Black,Canada,0
The Woman in Black,Sweden,0
The Words,USA,0
Think Like a Man,USA,0
Total Recall,USA,0
Total Recall,Canada,0
Underworld: Awakening,USA,0
Wanderlust,USA,0
Wrath of the Titans,USA,0
Wrath of the Titans,Spain,0
Wreck-It Ralph,USA,0
Zero Dark Thirty,USA,1
50/50,USA,0
A Dangerous Method,UK,0
A Dangerous Method,Germany,0
A Dangerous Method,Canada,0
A Dangerous Method,Switzerland,0
Another Earth,USA,0
Apollo 18,USA,0
Apollo 18,Canada,0
Arthur Christmas,UK,0
Arthur Christmas,USA,0
Attack the Block,UK,0
Attack the Block,France,0
Bad Teacher,USA,0
Beastly,USA,0
Blackthorn,Spain,0
Blackthorn,USA,0
Blackthorn,Bolivia,0
Blackthorn,France,0
Bridesmaids,USA,0
Captain America: The First Avenger,USA,0
Cars 2,USA,0
Circumstance,France,0
Circumstance,USA,0
Circumstance,Iran,0
Colombiana,France,0
Conan the Barbarian,USA,0
Contagion,USA,0
Contagion,United Arab Emirates,0
Coriolanus,UK,0
Diary of a Wimpy Kid: Rodrick Rules,USA,0
Dolphin Tale,USA,0
Dream House,USA,0
Dream House,Canada,0
Drive,USA,0
Fast Five,USA,0
Final Destination 5,USA,0
Final Destination 5,Canada,0
Footloose,USA,0
Fright Night,USA,0
Green Lantern,USA,0
Hanna,USA,0
Hanna,UK,0
Hanna,Germany,0
Harry Potter and the Deathly Hallows: Part 2,USA,0
Harry Potter and the Deathly Hallows: Part 2,UK,0
Haywire,USA,0
Haywire,Ireland,0
Higher Ground,USA,0
Hobo with a Shotgun,Canada,0
Hop,USA,0
Horrible Bosses,USA,0
Hugo,USA,5
I Am Number Four,USA,0
Immortals,USA,0
In Time,USA,0
Iris,Finland,0
Iris,Sweden,0
Johnny English Reborn,USA,0
Johnny English Reborn,France,0
Johnny English Reborn,UK,0
Jumping the Broom,USA,0
Just Go with It,USA,0
Kill List,UK,0
Killer Elite,UK,0
Killer Elite,Australia,0
Kung Fu Panda 2,USA,0
Le Havre,Finland,0
Le Havre,France,0
Le Havre,Germany,0
Like Crazy,USA,0
Limitless,USA,0
Margaret,USA,0
Margin Call,USA,0
Mars Needs Moms,USA,0
Martha Marcy May Marlene,USA,0
Melancholia,Denmark,0
Melancholia,Sweden,0
Melancholia,France,0
Melancholia,Germany,0
Midnight in Paris,Spain,1
Midnight in Paris,USA,1
Mission: Impossible - Ghost Protocol,USA,0
Mission: Impossible - Ghost Protocol,United Arab Emirates,0
Mission: Impossible - Ghost Protocol,Czech Republic,0
Moneyball,USA,0
No Strings Attached,USA,0
October Baby,USA,0
Paranormal Activity 3,USA,0
Paul,USA,0
Paul,UK,0
Pirates of the Caribbean: On Stranger Tides,USA,0
Priest,USA,0
Puss in Boots,USA,0
Rango,USA,1
Real Steel,USA,0
Real Steel,India,0
Red Riding Hood,USA,0
Red Riding Hood,Canada,0
Red State,USA,0
Restless,USA,0
Rio,USA,0
Rise of the Planet of the Apes,USA,0
Shame,UK,0
Snow Flower and the Secret Fan,China,0
Snow Flower and the Secret Fan,USA,0
Soul Surfer,USA,0
Source Code,USA,0
Source Code,Canada,0
Straw Dogs,USA,0
Sucker Punch,USA,0
Sucker Punch,Canada,0
Super 8,USA,0
Take Shelter,USA,0
The Adjustment Bureau,USA,0
The Adventures of Tintin,USA,0
The Adventures of Tintin,New Zealand,0
The Artist,France,5
The Artist,Belgium,5
The Artist,USA,5
The Best Exotic Marigold Hotel,UK,0
The Best Exotic Marigold Hotel,USA,0
The Best Exotic Marigold Hotel,United Arab Emirates,0
The Divide,Germany,0
The Divide,USA,0
The Divide,Canada,0
The Future,Germany,0
The Future,USA,0
The Girl with the Dragon Tattoo,USA,1
The Girl with the Dragon Tattoo,Sweden,1
The Girl with the Dragon Tattoo,Norway,1
The Green Hornet,USA,0
The Guard,Ireland,0
The Help,USA,1
The Help,India,1
The Help,United Arab Emirates,1
The Iron Lady,UK,2
The Iron Lady,France,2
The Lincoln Lawyer,USA,0
The Mechanic,USA,0
The Muppets,USA,1
The Rite,USA,0
The Rite,Hungary,0
The Rite,Italy,0
The Roommate,USA,0
The Smurfs,USA,0
The Three Musketeers,Germany,0
The Three Musketeers,France,0
The Three Musketeers,UK,0
The Three Musketeers,USA,0
The Tree of Life,USA,0
The Twilight Saga: Breaking Dawn - Part 1,USA,0
Thor,USA,0
Tinker Tailor Soldier Spy,France,0
Tinker Tailor Soldier Spy,UK,0
Tinker Tailor Soldier Spy,Germany,0
Tower Heist,USA,0
Transformers: Dark of the Moon,USA,0
War Horse,USA,0
Warrior,USA,0
We Bought a Zoo,USA,0
Weekend,UK,0
Winnie the Pooh,USA,0
X-Men: First Class,USA,0
X-Men: First Class,UK,0
Young Adult,USA,0
127 Hours,USA,0
127 Hours,UK,0
Alice in Wonderland,USA,2
Animal Kingdom,Australia,0
Another Year,UK,0
Beginners,USA,1
Biutiful,Mexico,0
Biutiful,Spain,0
Black Swan,USA,1
Blue Valentine,USA,0
Burlesque,USA,0
Casino Jack,Canada,0
Centurion,UK,0
Centurion,France,0
Charlie St. Cloud,USA,0
Charlie St. Cloud,Canada,0
Clash of the Titans,USA,0
Conviction,USA,0
Country Strong,USA,0
Cyrus,USA,0
Date Night,USA,0
Dear John,USA,0
Despicable Me,USA,0
Diary of a Wimpy Kid,USA,0
Dinner for Schmucks,USA,0
Due Date,USA,0
Dylan Dog: Dead of Night,USA,0
Easy A,USA,0
Edge of Darkness,UK,0
Edge of Darkness,USA,0
Fair Game,USA,0
Fair Game,United Arab Emirates,0
Faster,USA,0
For Colored Girls,USA,0
Frozen,USA,0
Green Zone,France,0
Green Zone,USA,0
Green Zone,Spain,0
Green Zone,UK,0
Grown Ups,USA,0
Gunless,Canada,0
Harry Potter and the Deathly Hallows: Part 1,UK,0
Harry Potter and the Deathly Hallows: Part 1,USA,0
Hot Tub Time Machine,USA,0
How to Train Your Dragon,USA,0
Inception,USA,4
Inception,UK,4
Insidious,USA,0
Insidious,Canada,0
Iron Man 2,USA,0
Kick-Ass,UK,0
Kick-Ass,USA,0
Knight and Day,USA,0
Let Me In,UK,0
Let Me In,USA,0
Letters to Juliet,USA,0
Machete,USA,0
Megamind,USA,0
Monsters,UK,0
Morning Glory,USA,0
Never Let Me Go,UK,0
Never Let Me Go,USA,0
Paranormal Activity 2,USA,0
Please Give,USA,0
Predators,USA,0
Prince of Persia: The Sands of Time,USA,0
Rabbit Hole,USA,0
Ramona and Beezus,USA,0
Red,USA,0
Remember Me,USA,0
Repo Men,USA,0
Repo Men,Canada,0
Robin Hood,USA,0
Robin Hood,UK,0
Salt,USA,0
Scott Pilgrim vs. the World,USA,0
Scott Pilgrim vs. the World,UK,0
Scott Pilgrim vs. the World,Canada,0
Scott Pilgrim vs. the World,Japan,0
Secretariat,USA,0
Shrek Forever After,USA,0
Shutter Island,USA,0
Somewhere,USA,0
Somewhere,UK,0
Somewhere,Italy,0
Somewhere,Japan,0
Submarine,UK,0
Submarine,USA,0
Super,USA,0
Takers,USA,0
Tangled,USA,0
The A-Team,USA,0
The Back-up Plan,USA,0
The Chronicles of Narnia: The Voyage of the Dawn Treader,USA,0
The Conspirator,USA,0
The Crazies,USA,0
The Crazies,United Arab Emirates,0
The Debt,USA,0
The Debt,UK,0
The Debt,Hungary,0
The Debt,Israel,0
The Expendables,USA,0
The Fighter,USA,2
The Illusionist,UK,0
The Illusionist,France,0
The Karate Kid,USA,0
The Karate Kid,China,0
The Kids Are All Right,USA,0
The Killer Inside Me,USA,0
The Killer Inside Me,Sweden,0
The Killer Inside Me,UK,0
The Killer Inside Me,Canada,0
The Last Airbender,USA,0
The Last Exorcism,USA,0
The Last Exorcism,France,0
The Losers,USA,0
The Next Three Days,USA,0
The Next Three Days,France,0
The Other Guys,USA,0
The Runaways,USA,0
The Social Network,USA,3
The Spy Next Door,USA,0
The Switch,USA,0
The Tempest,USA,0
The Tourist,USA,0
The Tourist,France,0
The Tourist,Italy,0
The Town,USA,0
The Twilight Saga: Eclipse,USA,0
The Wolfman,USA,1
Tiny Furniture,USA,0
Toy Story 3,USA,2
True Grit,USA,0
Unstoppable,USA,0
Wall Street: Money Never Sleeps,USA,0
Welcome to the Rileys,UK,0
Welcome to the Rileys,USA,0
Yogi Bear,USA,0
Yogi Bear,New Zealand,0
You Again,USA,0
You Will Meet a Tall Dark Stranger,USA,0
You Will Meet a Tall Dark Stranger,Spain,0
(500) Days of Summer,USA,0
17 Again,USA,0
2012,USA,0
9,USA,0
A Perfect Getaway,USA,0
A Serious Man,USA,0
A Serious Man,UK,0
A Serious Man,France,0
A Single Man,USA,0
Adam,USA,0
Adventureland,USA,0
Agora,Spain,0
Ajami,Germany,0
Ajami,Israel,0
All About Steve,USA,0
An Education,UK,0
An Education,USA,0
Astro Boy,Hong Kong,0
Astro Boy,USA,0
Astro Boy,Japan,0
Avatar,USA,3
Avatar,UK,3
Away We Go,USA,0
Away We Go,UK,0
Bride Wars,USA,0
Bright Star,UK,0
Bright Star,Australia,0
Bright Star,France,0
Brothers,USA,0
Capitalism: A Love Story,USA,0
Case 39,USA,0
Case 39,Canada,0
Chloe,USA,0
Chloe,Canada,0
Chloe,France,0
Cloudy with a Chance of Meatballs,USA,0
Coraline,USA,0
Daybreakers,Australia,0
Daybreakers,USA,0
Dead Snow,Norway,0
District 9,USA,0
District 9,New Zealand,0
District 9,Canada,0
District 9,South Africa,0
Drag Me to Hell,USA,0
Enter the Void,France,0
Enter the Void,Germany,0
Enter the Void,Italy,0
Enter the Void,Canada,0
Fantastic Mr. Fox,USA,0
Fired Up!,USA,0
Fish Tank,UK,0
Fish Tank,Netherlands,0
Friday the 13th,USA,0
Funny People,USA,0
G-Force,USA,0
G.I. Joe: The Rise of Cobra,USA,0
G.I. Joe: The Rise of Cobra,Czech Republic,0
Gamer,USA,0
Get Low,USA,0
Get Low,Germany,0
Get Low,Poland,0
Harry Brown,UK,0
Harry Potter and the Half-Blood Prince,UK,0
Harry Potter and the Half-Blood Prince,USA,0
I Love You Phillip Morris,France,0
I Love You Phillip Morris,USA,0
"I Love You, Man",USA,0
Ice Age: Dawn of the Dinosaurs,USA,0
Inglourious Basterds,USA,1
Inglourious Basterds,Germany,1
Invictus,USA,0
Knowing,USA,0
Knowing,UK,0
Knowing,Australia,0
Law Abiding Citizen,USA,0
Life During Wartime,USA,0
Monsters vs Aliens,USA,0
Moon,UK,0
Mother and Child,USA,0
Mother and Child,Spain,0
Nine,USA,0
Nine,Italy,0
Nowhere Boy,UK,0
Nowhere Boy,Canada,0
Ondine,Ireland,0
Ondine,USA,0
Paa,India,0
Planet 51,Spain,0
Planet 51,UK,0
Planet 51,USA,0
Public Enemies,USA,0
Push,USA,0
Push,Canada,0
Sherlock Holmes,USA,0
Sherlock Holmes,Germany,0
Splice,Canada,0
Splice,France,0
Splice,USA,0
Star Trek,USA,1
Star Trek,Germany,1
State of Play,USA,0
State of Play,UK,0
State of Play,France,0
Terminator Salvation,USA,0
Terminator Salvation,Germany,0
Terminator Salvation,UK,0
Terminator Salvation,Italy,0
The Blind Side,USA,1
The Box,USA,0
The City of Your Final Destination,USA,0
The Final Destination,USA,0
The Girl with the Dragon Tattoo,Sweden,0
The Girl with the Dragon Tattoo,Denmark,0
The Girl with the Dragon Tattoo,Germany,0
The Girl with the Dragon Tattoo,Norway,0
The Hangover,USA,0
The Hangover,Germany,0
The Imaginarium of Doctor Parnassus,UK,0
The Imaginarium of Doctor Parnassus,Canada,0
The Imaginarium of Doctor Parnassus,France,0
The Informant!,USA,0
The Invention of Lying,USA,0
The Last Station,Germany,0
The Last Station,Russia,0
The Last Station,UK,0
The Lovely Bones,USA,0
The Lovely Bones,UK,0
The Lovely Bones,New Zealand,0
The Men Who Stare at Goats,USA,0
The Men Who Stare at Goats,UK,0
The Messenger,USA,0
The Princess and the Frog,USA,0
The Proposal,USA,0
The Road,USA,0
The Secret of Kells,France,0
The Secret of Kells,Belgium,0
The Secret of Kells,Ireland,0
The Soloist,UK,0
The Soloist,USA,0
The Soloist,France,0
The Ugly Truth,USA,0
The Unborn,USA,0
The Young Victoria,UK,1
The Young Victoria,USA,1
Transformers: Revenge of the Fallen,USA,0
Up,USA,2
Up in the Air,USA,0
Watchmen,USA,0
Whatever Works,USA,0
Whatever Works,France,0
Where the Wild Things Are,USA,0
Where the Wild Things Are,Australia,0
Where the Wild Things Are,Germany,0
Whip It,USA,0
X-Men Origins: Wolverine,USA,0
Youth in Revolt,USA,0
Zombieland,USA,0
21,USA,0
Appaloosa,USA,0
Australia,Australia,0
Australia,USA,0
Australia,UK,0
Baby Mama,USA,0
Be Kind Rewind,UK,0
Be Kind Rewind,USA,0
Bedtime Stories,USA,0
Blindness,Canada,0
Blindness,Brazil,0
Blindness,Japan,0
Bolt,USA,0
Burn After Reading,USA,0
Burn After Reading,UK,0
Burn After Reading,France,0
Changeling,USA,0
Che: Part One,France,0
Che: Part One,Spain,0
Che: Part One,USA,0
City of Ember,USA,0
Cloverfield,USA,0
Death Race,USA,0
Death Race,Germany,0
Death Race,UK,0
Defiance,USA,0
"Definitely, Maybe",UK,0
"Definitely, Maybe",USA,0
"Definitely, Maybe",France,0
Doubt,USA,0
Eagle Eye,USA,0
Eagle Eye,Germany,0
Easy Virtue,UK,0
Easy Virtue,Canada,0
Forgetting Sarah Marshall,USA,0
Four Christmases,USA,0
Four Christmases,Germany,0
Frost/Nixon,USA,0
Frost/Nixon,UK,0
Frost/Nixon,France,0
Frozen River,USA,0
Ghost Town,USA,0
Gran Torino,USA,0
Gran Torino,Germany,0
Hancock,USA,0
High School Musical 3: Senior Year,USA,0
Igor,USA,0
Igor,France,0
In Bruges,UK,0
In Bruges,USA,0
Indiana Jones and the Kingdom of the Crystal Skull,USA,0
Iron Man,USA,0
Journey to the Center of the Earth,USA,0
Jumper,USA,0
Jumper,Canada,0
Kung Fu Panda,USA,0
Made of Honor,USA,0
Made of Honor,UK,0
Max Payne,Canada,0
Max Payne,USA,0
Meet Dave,USA,0
Milk,USA,2
Miracle at St. Anna,USA,0
Miracle at St. Anna,Italy,0
Pineapple Express,USA,0
Pontypool,Canada,0
Prom Night,USA,0
Prom Night,Canada,0
Quantum of Solace,UK,0
Quantum of Solace,USA,0
Quarantine,USA,0
Rachel Getting Married,USA,0
Revolutionary Road,USA,0
Revolutionary Road,UK,0
RocknRolla,UK,0
RocknRolla,USA,0
Seven Pounds,USA,0
Sex and the City,USA,0
Slumdog Millionaire,UK,8
Speed Racer,USA,0
Speed Racer,Australia,0
Speed Racer,Germany,0
Step Brothers,USA,0
Sunshine Cleaning,USA,0
"Synecdoche, New York",USA,0
Taken,France,0
Taken,USA,0
Taken,UK,0
The Bank Job,UK,0
The Bank Job,USA,0
The Bank Job,Australia,0
The Brothers Bloom,USA,0
The Chronicles of Narnia: Prince Caspian,USA,0
The Chronicles of Narnia: Prince Caspian,Poland,0
The Chronicles of Narnia: Prince Caspian,Slovenia,0
The Chronicles of Narnia: Prince Caspian,Czech Republic,0
The Curious Case of Benjamin Button,USA,3
The Dark Knight,USA,2
The Dark Knight,UK,2
The Day the Earth Stood Still,USA,0
The Day the Earth Stood Still,Canada,0
The Eye,USA,0
The Eye,Canada,0
The Forbidden Kingdom,USA,0
The Forbidden Kingdom,China,0
The House Bunny,USA,0
The Hurt Locker,USA,6
The Incredible Hulk,USA,0
The Other Boleyn Girl,UK,0
The Other Boleyn Girl,USA,0
The Reader,USA,1
The Reader,Germany,1
The Secret Life of Bees,USA,0
The Sisterhood of the Traveling Pants 2,USA,0
The Sisterhood of the Traveling Pants 2,Greece,0
The Strangers,USA,0
The Women,USA,0
The Wrestler,USA,0
The Wrestler,France,0
Transsiberian,Spain,0
Transsiberian,Germany,0
Transsiberian,UK,0
Transsiberian,Lithuania,0
Tropic Thunder,USA,0
Tropic Thunder,UK,0
Tropic Thunder,Germany,0
Twilight,USA,0
Valkyrie,USA,0
Valkyrie,Germany,0
Vicky Cristina Barcelona,Spain,1
Vicky Cristina Barcelona,USA,1
Waltz with Bashir,Israel,0
Waltz with Bashir,France,0
Waltz with Bashir,Germany,0
Waltz with Bashir,USA,0
Waltz with Bashir,Finland,0
Waltz with Bashir,Switzerland,0
Waltz with Bashir,Belgium,0
Waltz with Bashir,Australia,0
Wanted,USA,0
Wanted,Germany,0
Wendy and Lucy,USA,0
Yes Man,USA,0
Yes Man,Australia,0
1408,USA,0
28 Weeks Later,UK,0
28 Weeks Later,Spain,0
3:10 to Yuma,USA,0
30 Days of Night,USA,0
30 Days of Night,New Zealand,0
88 Minutes,USA,0
88 Minutes,Germany,0
88 Minutes,Canada,0
Across the Universe,USA,0
Across the Universe,UK,0
Atonement,UK,1
Atonement,France,1
Atonement,USA,1
Becoming Jane,UK,0
Becoming Jane,Ireland,0
Beowulf,USA,0
Blades of Glory,USA,0
Bridge to Terabithia,USA,0
Charlie Bartlett,USA,0
Death at a Funeral,USA,0
Death at a Funeral,Germany,0
Death at a Funeral,UK,0
Death at a Funeral,Netherlands,0
Diary of the Dead,USA,0
Disturbia,USA,0
Eastern Promises,USA,0
Eastern Promises,UK,0
Eastern Promises,Canada,0
Enchanted,USA,0
Gone Baby Gone,USA,0
Hairspray,USA,0
Hairspray,UK,0
Halloween,USA,0
Hannibal Rising,UK,0
Hannibal Rising,Czech Republic,0
Hannibal Rising,France,0
Hannibal Rising,Italy,0
Harry Potter and the Order of the Phoenix,UK,0
Harry Potter and the Order of the Phoenix,USA,0
Hitman,France,0
Hitman,USA,0
Hostel: Part II,USA,0
Hot Fuzz,UK,0
Hot Fuzz,France,0
Hot Fuzz,USA,0
Hot Rod,USA,0
I Am Legend,USA,0
Into the Wild,USA,0
Juno,USA,1
Knocked Up,USA,0
Live Free or Die Hard,USA,0
Live Free or Die Hard,UK,0
Michael Clayton,USA,1
Music and Lyrics,USA,0
No Country for Old Men,USA,4
No Reservations,USA,0
No Reservations,Australia,0
Paranormal Activity,USA,0
Persepolis,France,0
Persepolis,USA,0
Premonition,USA,0
Ratatouille,USA,1
Resident Evil: Extinction,France,0
Resident Evil: Extinction,Australia,0
Resident Evil: Extinction,Germany,0
Resident Evil: Extinction,UK,0
Resident Evil: Extinction,USA,0
Shooter,USA,0
Shrek the Third,USA,0
Stardust,UK,0
Stardust,USA,0
Stardust,Iceland,0
Sunshine,UK,0
Sunshine,USA,0
Superbad,USA,0
Teeth,USA,0
The Bucket List,USA,0
The Golden Compass,USA,1
The Golden Compass,UK,1
The Kite Runner,USA,0
The Kite Runner,China,0
The Messengers,USA,0
The Mist,USA,0
The Number 23,USA,0
The Number 23,Germany,0
The Savages,USA,0
The Signal,USA,0
The Simpsons Movie,USA,0
The Visitor,USA,0
There Will Be Blood,USA,2
TMNT,Hong Kong,0
TMNT,USA,0
Transformers,USA,0
Waitress,USA,0
We Own the Night,USA,0
300,USA,0
A Scanner Darkly,USA,0
Akeelah and the Bee,USA,0
Aquamarine,USA,0
Aquamarine,Australia,0
Blood Diamond,USA,0
Blood Diamond,Germany,0
Borat: Cultural Learnings of America for Make Benefit Glorious Nation of Kazakhstan,USA,0
Bug,USA,0
Bug,Germany,0
Cars,USA,0
Casino Royale,UK,0
Casino Royale,Czech Republic,0
Casino Royale,USA,0
Casino Royale,Germany,0
Casino Royale,Bahamas,0
Children of Men,USA,0
Children of Men,UK,0
Clerks II,USA,0
Crank,USA,0
DOA: Dead or Alive,USA,0
DOA: Dead or Alive,Germany,0
DOA: Dead or Alive,UK,0
Eragon,USA,0
Eragon,UK,0
Eragon,Hungary,0
Fido,Canada,0
Final Destination 3,Germany,0
Final Destination 3,USA,0
Final Destination 3,Canada,0
Flushed Away,UK,0
Flushed Away,USA,0
For Your Consideration,USA,0
Friends with Money,USA,0
Ice Age: The Meltdown,USA,0
Idlewild,USA,0
Inside Man,USA,0
Lady in the Water,USA,0
Last Holiday,USA,0
Letters from Iwo Jima,USA,1
Little Children,USA,0
Little Miss Sunshine,USA,2
Lucky Number Slevin,Germany,0
Lucky Number Slevin,USA,0
Man of the Year,USA,0
Marie Antoinette,USA,1
Marie Antoinette,France,1
Marie Antoinette,Japan,1
Miss Potter,UK,0
Miss Potter,USA,0
Miss Potter,Isle Of Man,0
Monster House,USA,0
Nacho Libre,Germany,0
Nacho Libre,USA,0
Night at the Museum,USA,0
Night at the Museum,UK,0
Notes on a Scandal,UK,0
Once,Ireland,1
Open Season,USA,0
Perfume: The Story of a Murderer,Germany,0
Perfume: The Story of a Murderer,France,0
Perfume: The Story of a Murderer,Spain,0
Perfume: The Story of a Murderer,USA,0
Poseidon,USA,0
Rang De Basanti,India,0
Running with Scissors,USA,0
Sherrybaby,USA,0
Shortbus,USA,0
Silent Hill,Canada,0
Silent Hill,France,0
Silent Hill,Japan,0
Silent Hill,USA,0
Slither,Canada,0
Slither,USA,0
Snakes on a Plane,Germany,0
Snakes on a Plane,USA,0
Snakes on a Plane,Canada,0
Southland Tales,France,0
Southland Tales,Germany,0
Southland Tales,USA,0
Stranger Than Fiction,USA,0
Superman Returns,USA,0
Take the Lead,USA,0
The Ant Bully,USA,0
The Da Vinci Code,USA,0
The Da Vinci Code,Malta,0
The Da Vinci Code,France,0
The Da Vinci Code,UK,0
The Dead Girl,USA,0
The Departed,USA,4
The Departed,Hong Kong,4
The Devil Wears Prada,USA,0
The Fountain,USA,0
The Fountain,Canada,0
The Grudge 2,USA,0
The Grudge 2,Japan,0
The History Boys,UK,0
The Holiday,USA,0
The Host,South Korea,0
The Illusionist,USA,0
The Illusionist,Czech Republic,0
The Lake House,USA,0
The Lake House,Australia,0
The Painted Veil,China,0
The Painted Veil,USA,0
The Painted Veil,Canada,0
The Prestige,USA,0
The Prestige,UK,0
The Pursuit of Happyness,USA,0
The Queen,UK,1
The Queen,USA,1
The Queen,France,1
The Queen,Italy,1
The Wind That Shakes the Barley,Ireland,0
The Wind That Shakes the Barley,UK,0
The Wind That Shakes the Barley,Germany,0
The Wind That Shakes the Barley,Italy,0
The Wind That Shakes the Barley,Spain,0
The Wind That Shakes the Barley,France,0
The Wind That Shakes the Barley,Belgium,0
The Wind That Shakes the Barley,Switzerland,0
Volver,Spain,0
We Are Marshall,USA,0
When a Stranger Calls,USA,0
Wristcutters: A Love Story,USA,0
Wristcutters: A Love Story,UK,0
X-Men: The Last Stand,Canada,0
X-Men: The Last Stand,USA,0
X-Men: The Last Stand,UK,0
"You, Me and Dupree",USA,0
Zoom,USA,0
Assault on Precinct 13,USA,0
Assault on Precinct 13,France,0
Batman Begins,USA,0
Batman Begins,UK,0
Beauty Shop,USA,0
Bewitched,USA,0
BloodRayne,USA,0
BloodRayne,Germany,0
Brick,USA,0
Brokeback Mountain,USA,3
Brokeback Mountain,Canada,3
Capote,USA,1
Capote,Canada,1
Charlie and the Chocolate Factory,USA,0
Charlie and the Chocolate Factory,UK,0
Cinderella Man,USA,0
Coach Carter,USA,0
Coach Carter,Germany,0
Constantine,USA,0
Constantine,Germany,0
Conversations with Other Women,UK,0
Conversations with Other Women,USA,0
Corpse Bride,UK,0
Corpse Bride,USA,0
Cursed,USA,0
Cursed,Germany,0
Dark Water,USA,0
Domino,France,0
Domino,USA,0
Domino,UK,0
Doom,UK,0
Doom,Czech Republic,0
Doom,Germany,0
Doom,USA,0
Fantastic Four,USA,0
Fantastic Four,Germany,0
Flightplan,USA,0
Fun with Dick and Jane,USA,0
"Good Night, and Good Luck.",USA,0
"Good Night, and Good Luck.",France,0
"Good Night, and Good Luck.",UK,0
"Good Night, and Good Luck.",Japan,0
Hard Candy,USA,0
Harry Potter and the Goblet of Fire,UK,0
Harry Potter and the Goblet of Fire,USA,0
Herbie Fully Loaded,USA,0
Hide and Seek,USA,0
Hide and Seek,Germany,0
Hitch,USA,0
Hoodwinked!,USA,0
Hostel,USA,0
Jarhead,Germany,0
Jarhead,USA,0
Junebug,USA,0
Just Like Heaven,USA,0
King Kong,New Zealand,3
King Kong,USA,3
King Kong,Germany,3
Kingdom of Heaven,USA,0
Kingdom of Heaven,UK,0
Kingdom of Heaven,Spain,0
Kingdom of Heaven,Germany,0
Kingdom of Heaven,Morocco,0
Kiss Kiss Bang Bang,USA,0
Lord of War,France,0
Lord of War,USA,0
Lord of War,Germany,0
Madagascar,USA,0
Match Point,UK,0
Match Point,Russia,0
Match Point,Ireland,0
Match Point,Luxembourg,0
Match Point,USA,0
Me and You and Everyone We Know,USA,0
Me and You and Everyone We Know,UK,0
Memoirs of a Geisha,USA,3
MirrorMask,UK,0
MirrorMask,USA,0
Munich,USA,0
Munich,Canada,0
Munich,France,0
North Country,USA,0
Oliver Twist,UK,0
Oliver Twist,Czech Republic,0
Oliver Twist,France,0
Oliver Twist,Italy,0
Proof,USA,0
Red Eye,USA,0
Rent,USA,0
Robots,USA,0
Saw II,USA,0
Saw II,Canada,0
Serenity,USA,0
Shopgirl,USA,0
Sin City,USA,0
Sisters in Law,Cameroon,0
Sisters in Law,UK,0
Sky High,USA,0
Son of the Mask,USA,0
Son of the Mask,Germany,0
Star Wars: Episode III - Revenge of the Sith,USA,0
Stealth,USA,0
Thank You for Smoking,USA,0
The Adventures of Sharkboy and Lavagirl 3-D,USA,0
The Amityville Horror,USA,0
The Ballad of Jack and Rose,USA,0
"The Chronicles of Narnia: The Lion, the Witch and the Wardrobe",USA,1
"The Chronicles of Narnia: The Lion, the Witch and the Wardrobe",UK,1
The Constant Gardener,UK,1
The Constant Gardener,Germany,1
The Constant Gardener,USA,1
The Constant Gardener,China,1
The Descent,UK,0
The Exorcism of Emily Rose,USA,0
The Fog,USA,0
The Island,USA,0
The Jacket,USA,0
The Jacket,Germany,0
The Legend of Zorro,USA,0
The New World,USA,0
The New World,UK,0
The Ring Two,USA,0
The Skeleton Key,USA,0
The Skeleton Key,Germany,0
The Squid and the Whale,USA,0
Transamerica,USA,0
Tristram Shandy: A Cock and Bull Story,UK,0
V for Vendetta,USA,0
V for Vendetta,UK,0
V for Vendetta,Germany,0
Walk the Line,USA,1
Walk the Line,Germany,1
War of the Worlds,USA,0
Water,Canada,0
Water,India,0
White Noise,UK,0
White Noise,Canada,0
White Noise,USA,0
Zathura: A Space Adventure,USA,0
13 Going on 30,USA,0
2046,Hong Kong,0
2046,China,0
2046,France,0
2046,Italy,0
2046,Germany,0
50 First Dates,USA,0
A Cinderella Story,USA,0
A Cinderella Story,Canada,0
A Very Long Engagement,France,0
A Very Long Engagement,USA,0
Anchorman: The Legend of Ron Burgundy,USA,0
Around the World in 80 Days,USA,0
Around the World in 80 Days,Germany,0
Around the World in 80 Days,Ireland,0
Around the World in 80 Days,UK,0
AVP: Alien vs. Predator,USA,0
AVP: Alien vs. Predator,UK,0
AVP: Alien vs. Predator,Czech Republic,0
AVP: Alien vs. Predator,Canada,0
AVP: Alien vs. Predator,Germany,0
Before Sunset,USA,0
Bridget Jones: The Edge of Reason,UK,0
Bridget Jones: The Edge of Reason,France,0
Bridget Jones: The Edge of Reason,Germany,0
Bridget Jones: The Edge of Reason,Ireland,0
Bridget Jones: The Edge of Reason,USA,0
Catwoman,USA,0
Cellular,USA,0
Cellular,Germany,0
Closer,USA,0
Closer,UK,0
Collateral,USA,0
Connie and Carla,USA,0
Crash,USA,3
Crash,Germany,3
D.E.B.S.,USA,0
Dawn of the Dead,USA,0
Dawn of the Dead,Canada,0
Dawn of the Dead,Japan,0
Dawn of the Dead,France,0
Dodgeball: A True Underdog Story,USA,0
Dodgeball: A True Underdog Story,Germany,0
Ella Enchanted,USA,0
Ella Enchanted,Ireland,0
Ella Enchanted,UK,0
Eternal Sunshine of the Spotless Mind,USA,1
Finding Neverland,USA,1
Finding Neverland,UK,1
Flight of the Phoenix,USA,0
Garden State,USA,0
Hellboy,USA,0
Home on the Range,USA,0
I Heart Huckabees,USA,0
I Heart Huckabees,UK,0
I Heart Huckabees,Germany,0
"I, Robot",USA,0
"I, Robot",Germany,0
In Good Company,USA,0
Kinsey,USA,0
Kinsey,Germany,0
Kung Fu Hustle,Hong Kong,0
Kung Fu Hustle,China,0
Layer Cake,UK,0
Maria Full of Grace,Colombia,0
Maria Full of Grace,USA,0
Maria Full of Grace,Ecuador,0
Mean Girls,USA,0
Mean Girls,Canada,0
Million Dollar Baby,USA,4
Miracle,USA,0
My Summer of Love,UK,0
Napoleon Dynamite,USA,0
New York Minute,USA,0
Primer,USA,0
Raising Helen,USA,0
Ray,USA,2
Resident Evil: Apocalypse,Germany,0
Resident Evil: Apocalypse,France,0
Resident Evil: Apocalypse,UK,0
Resident Evil: Apocalypse,Canada,0
Resident Evil: Apocalypse,USA,0
Saved!,USA,0
Saved!,Canada,0
Saw,USA,0
Saw,Australia,0
Secret Window,USA,0
Shark Tale,USA,0
Shaun of the Dead,UK,0
Shaun of the Dead,France,0
Shaun of the Dead,USA,0
Shrek 2,USA,0
Sideways,USA,1
Sky Captain and the World of Tomorrow,USA,0
Sky Captain and the World of Tomorrow,UK,0
Sky Captain and the World of Tomorrow,Italy,0
Spanglish,USA,0
Spider-Man 2,USA,1
Team America: World Police,USA,0
Team America: World Police,Germany,0
The Aviator,USA,5
The Aviator,Germany,5
The Bourne Supremacy,USA,0
The Bourne Supremacy,Germany,0
The Butterfly Effect,USA,0
The Butterfly Effect,Canada,0
The Chronicles of Riddick,USA,0
The Day After Tomorrow,USA,0
The Grudge,USA,0
The Grudge,Japan,0
The Incredibles,USA,2
The Life Aquatic with Steve Zissou,USA,0
The Notebook,USA,0
The Phantom of the Opera,UK,0
The Phantom of the Opera,USA,0
The Polar Express,USA,0
The Princess Diaries 2: Royal Engagement,USA,0
The Stepford Wives,USA,0
The Terminal,USA,0
The Village,USA,0
Troy,USA,0
Troy,Malta,0
Troy,UK,0
Van Helsing,USA,0
Van Helsing,Czech Republic,0
Vera Drake,UK,0
Vera Drake,France,0
White Chicks,USA,0
Wimbledon,UK,0
Wimbledon,France,0
Wimbledon,USA,0
2 Fast 2 Furious,USA,0
2 Fast 2 Furious,Germany,0
Big Fish,USA,0
Bon voyage,France,0
Bruce Almighty,USA,0
Cold Mountain,USA,1
Cold Mountain,UK,1
Cold Mountain,Romania,1
Cold Mountain,Italy,1
Cradle 2 the Grave,USA,0
Daddy Day Care,USA,0
Daredevil,USA,0
Darkness Falls,USA,0
Darkness Falls,Australia,0
Dreamcatcher,USA,0
Dreamcatcher,Australia,0
Final Destination 2,USA,0
Final Destination 2,Canada,0
Finding Nemo,USA,1
Freaky Friday,USA,0
Girl with a Pearl Earring,UK,0
Girl with a Pearl Earring,Luxembourg,0
Holes,USA,0
House of Sand and Fog,USA,0
How to Lose a Guy in 10 Days,USA,0
How to Lose a Guy in 10 Days,Germany,0
Hulk,USA,0
Identity,USA,0
In the Cut,Australia,0
In the Cut,USA,0
In the Cut,UK,0
Jeepers Creepers II,USA,0
Kill Bill: Vol. 1,USA,0
Lara Croft Tomb Raider: The Cradle of Life,USA,0
Lara Croft Tomb Raider: The Cradle of Life,Germany,0
Lara Croft Tomb Raider: The Cradle of Life,Japan,0
Lara Croft Tomb Raider: The Cradle of Life,UK,0
Love Actually,UK,0
Love Actually,USA,0
Love Actually,France,0
Master and Commander: The Far Side of the World,USA,2
Mona Lisa Smile,USA,0
Monster,USA,1
Monster,Germany,1
Mystic River,USA,2
Mystic River,Australia,2
Peter Pan,Australia,0
Peter Pan,USA,0
Peter Pan,UK,0
Pirates of the Caribbean: The Curse of the Black Pearl,USA,0
S.W.A.T.,USA,0
Scary Movie 3,USA,0
Scary Movie 3,Canada,0
Secondhand Lions,USA,0
Shanghai Knights,USA,0
Shanghai Knights,Hong Kong,0
Shattered Glass,USA,0
Shattered Glass,Canada,0
Sinbad: Legend of the Seven Seas,USA,0
Spy Kids 3-D: Game Over,USA,0
Swimming Pool,France,0
Swimming Pool,UK,0
Terminator 3: Rise of the Machines,USA,0
Terminator 3: Rise of the Machines,Germany,0
Terminator 3: Rise of the Machines,UK,0
The Italian Job,USA,0
The Italian Job,France,0
The Italian Job,UK,0
The Jungle Book 2,USA,0
The Jungle Book 2,Australia,0
The Last Samurai,USA,0
The Last Samurai,New Zealand,0
The Last Samurai,Japan,0
The League of Extraordinary Gentlemen,USA,0
The League of Extraordinary Gentlemen,Germany,0
The League of Extraordinary Gentlemen,Czech Republic,0
The League of Extraordinary Gentlemen,UK,0
The Lord of the Rings: The Return of the King,USA,11
The Lord of the Rings: The Return of the King,New Zealand,11
The Matrix Reloaded,USA,0
The Matrix Reloaded,Australia,0
The Matrix Revolutions,Australia,0
The Matrix Revolutions,USA,0
The Missing,USA,0
Thirteen,USA,0
Undead,Australia,0
Underworld,UK,0
Underworld,Germany,0
Underworld,Hungary,0
Underworld,USA,0
Wrong Turn,USA,0
Wrong Turn,Germany,0
25th Hour,USA,0
28 Days Later...,UK,0
8 Mile,USA,1
8 Mile,Germany,1
About Schmidt,USA,0
All or Nothing,UK,0
All or Nothing,France,0
Antwone Fisher,USA,0
Austin Powers in Goldmember,USA,0
Bend It Like Beckham,UK,0
Bend It Like Beckham,Germany,0
Bend It Like Beckham,USA,0
Blade II,USA,0
Blade II,Germany,0
Blue Crush,USA,0
Blue Crush,Germany,0
Cabin Fever,USA,0
Carrie,USA,0
Catch Me If You Can,USA,0
Catch Me If You Can,Canada,0
Chicago,USA,6
Chicago,Germany,6
Chicago,Canada,6
Crossroads,USA,0
Death to Smoochy,USA,0
Death to Smoochy,UK,0
Death to Smoochy,Germany,0
Die Another Day,UK,0
Die Another Day,USA,0
Drumline,USA,0
Equilibrium,USA,0
Far from Heaven,USA,0
Far from Heaven,France,0
Frida,USA,2
Frida,Canada,2
Frida,Mexico,2
Funny Ha Ha,USA,0
Gangs of New York,USA,0
Gangs of New York,Italy,0
Gerry,USA,0
Harry Potter and the Chamber of Secrets,USA,0
Harry Potter and the Chamber of Secrets,UK,0
Harry Potter and the Chamber of Secrets,Germany,0
High Crimes,USA,0
I Spy,USA,0
Ice Age,USA,0
Igby Goes Down,USA,0
Insomnia,USA,0
Insomnia,Canada,0
Maid in Manhattan,USA,0
May,USA,0
Men in Black II,USA,0
Minority Report,USA,0
My Big Fat Greek Wedding,USA,0
My Big Fat Greek Wedding,Canada,0
Panic Room,USA,0
Phone Booth,USA,0
Queen of the Damned,USA,0
Queen of the Damned,Australia,0
Rabbit-Proof Fence,Australia,0
Real Women Have Curves,USA,0
Red Dragon,USA,0
Red Dragon,Germany,0
Reign of Fire,UK,0
Reign of Fire,Ireland,0
Reign of Fire,USA,0
Resident Evil,UK,0
Resident Evil,Germany,0
Resident Evil,France,0
Resident Evil,USA,0
Scooby-Doo,USA,0
Scooby-Doo,Australia,0
Signs,USA,0
Snow Dogs,Canada,0
Snow Dogs,USA,0
Solaris,USA,0
Spider-Man,USA,0
Spirit: Stallion of the Cimarron,USA,0
Spun,USA,0
Spy Kids 2: Island of Lost Dreams,USA,0
Star Trek: Nemesis,USA,0
Star Wars: Episode II - Attack of the Clones,USA,0
The Adventures of Pluto Nash,USA,0
The Adventures of Pluto Nash,Australia,0
The Banger Sisters,USA,0
The Bourne Identity,USA,0
The Bourne Identity,Germany,0
The Bourne Identity,Czech Republic,0
The Dangerous Lives of Altar Boys,USA,0
The Good Girl,USA,0
The Good Girl,Germany,0
The Good Girl,Netherlands,0
The Hours,USA,1
The Hours,UK,1
The Importance of Being Earnest,UK,0
The Importance of Being Earnest,USA,0
The Lord of the Rings: The Two Towers,USA,2
The Lord of the Rings: The Two Towers,New Zealand,2
The Quiet American,Germany,0
The Quiet American,USA,0
The Quiet American,UK,0
The Quiet American,Australia,0
The Quiet American,France,0
The Ring,USA,0
The Ring,Japan,0
The Rules of Attraction,USA,0
The Rules of Attraction,Germany,0
The Santa Clause 2,USA,0
The Sweetest Thing,USA,0
The Tuxedo,USA,0
Treasure Planet,USA,0
Tuck Everlasting,USA,0
Two Weeks Notice,USA,0
Two Weeks Notice,Australia,0
We Were Soldiers,USA,0
We Were Soldiers,Germany,0
Whale Rider,New Zealand,0
Whale Rider,Germany,0
White Oleander,USA,0
xXx,USA,0
A Beautiful Mind,USA,4
American Outlaws,USA,0
Antitrust,USA,0
Atlantis: The Lost Empire,USA,0
Black Hawk Down,USA,2
Black Hawk Down,UK,2
Blow,USA,0
Donnie Darko,USA,0
Dr. Dolittle 2,USA,0
From Hell,USA,0
Ghost World,USA,0
Ghost World,UK,0
Ghost World,Germany,0
Gosford Park,UK,1
Gosford Park,USA,1
Gosford Park,Italy,1
Hannibal,UK,0
Hannibal,USA,0
Hedwig and the Angry Inch,USA,0
High Heels and Low Lifes,UK,0
High Heels and Low Lifes,USA,0
Impostor,USA,0
Jason X,USA,0
Jay and Silent Bob Strike Back,USA,0
Jeepers Creepers,Germany,0
Jeepers Creepers,USA,0
Josie and the Pussycats,Canada,0
Josie and the Pussycats,USA,0
Kissing Jessica Stein,USA,0
L.I.E.,USA,0
Lara Croft: Tomb Raider,USA,0
Lara Croft: Tomb Raider,UK,0
Lara Croft: Tomb Raider,Japan,0
Lara Croft: Tomb Raider,Germany,0
Legally Blonde,USA,0
Monkeybone,USA,0
Monsoon Wedding,India,0
Monsoon Wedding,USA,0
Monsoon Wedding,Italy,0
Monsoon Wedding,Germany,0
Monsoon Wedding,France,0
"Monsters, Inc.",USA,1
Moulin Rouge!,USA,2
Moulin Rouge!,Australia,2
Nowhere in Africa,Germany,1
Osmosis Jones,USA,0
Pearl Harbor,USA,1
Save the Last Dance,USA,0
Shallow Hal,USA,0
Shallow Hal,Germany,0
Shaolin Soccer,Hong Kong,0
Shaolin Soccer,China,0
Shrek,USA,1
Spy Kids,USA,0
Super Troopers,USA,0
The Fast and the Furious,USA,0
The Fast and the Furious,Germany,0
The Glass House,USA,0
The Lord of the Rings: The Fellowship of the Ring,New Zealand,4
The Lord of the Rings: The Fellowship of the Ring,USA,4
The Majestic,USA,0
The Majestic,Australia,0
The One,USA,0
The Others,USA,0
The Others,Spain,0
The Others,France,0
The Others,Italy,0
The Princess Diaries,USA,0
The Royal Tenenbaums,USA,0
The Wedding Planner,Germany,0
The Wedding Planner,USA,0
Thir13en Ghosts,USA,0
Thir13en Ghosts,Canada,0
Training Day,USA,1
Training Day,Australia,1
Valentine,USA,0
Vanilla Sky,USA,0
Vanilla Sky,Spain,0
Zoolander,USA,0
Zoolander,Australia,0
Zoolander,Germany,0
28 Days,USA,0
Almost Famous,USA,1
American Psycho,USA,0
Beautiful Creatures,UK,0
Best in Show,USA,0
Billy Elliot,UK,0
Billy Elliot,France,0
Boiler Room,USA,0
Bring It On,USA,0
Cast Away,USA,0
Center Stage,USA,0
Chicken Run,UK,0
Chicken Run,USA,0
Chocolat,UK,0
Chocolat,USA,0
Coyote Ugly,USA,0
Dancer in the Dark,Spain,0
Dancer in the Dark,Argentina,0
Dancer in the Dark,Denmark,0
Dancer in the Dark,Germany,0
Dancer in the Dark,Netherlands,0
Dancer in the Dark,Italy,0
Dancer in the Dark,USA,0
Dancer in the Dark,UK,0
Dancer in the Dark,France,0
Dancer in the Dark,Sweden,0
Dancer in the Dark,Finland,0
Dancer in the Dark,Iceland,0
Dancer in the Dark,Norway,0
Dune,USA,0
Dune,Canada,0
Dune,Germany,0
Dune,Italy,0
Erin Brockovich,USA,1
Final Destination,USA,0
Final Destination,Canada,0
Gladiator,USA,5
Gladiator,UK,5
Gone in Sixty Seconds,USA,0
High Fidelity,UK,0
High Fidelity,USA,0
Hollow Man,USA,0
Hollow Man,Germany,0
Little Nicky,USA,0
Meet the Parents,USA,0
Memento,USA,0
Miss Congeniality,USA,0
Miss Congeniality,Australia,0
Mission to Mars,USA,0
"O Brother, Where Art Thou?",UK,0
"O Brother, Where Art Thou?",France,0
"O Brother, Where Art Thou?",USA,0
Pitch Black,USA,0
Red Planet,USA,0
Red Planet,Australia,0
Remember the Titans,USA,0
Requiem for a Dream,USA,0
Return to Me,USA,0
Romeo Must Die,USA,0
Saving Grace,UK,0
Scream 3,USA,0
Sexy Beast,UK,0
Sexy Beast,Spain,0
Shanghai Noon,USA,0
Shanghai Noon,Hong Kong,0
Snatch.,UK,0
Snatch.,USA,0
Songcatcher,USA,0
The Beach,USA,0
The Beach,UK,0
The Cell,USA,0
The Cell,Germany,0
The Gift,USA,0
The Patriot,Germany,0
The Patriot,USA,0
The Road to El Dorado,USA,0
The Whole Nine Yards,USA,0
Titan A.E.,USA,0
Unbreakable,USA,0
Urbania,USA,0
Vertical Limit,USA,0
Vertical Limit,Germany,0
What Lies Beneath,USA,0
What Women Want,USA,0
Where the Heart Is,USA,0
X-Men,USA,0
10 Things I Hate About You,USA,0
8MM,USA,0
8MM,Germany,0
American Beauty,USA,5
American Pie,USA,0
Analyze This,USA,0
Analyze This,Australia,0
Anna and the King,USA,0
Anywhere But Here,USA,0
Austin Powers: The Spy Who Shagged Me,USA,0
Being John Malkovich,USA,0
Cruel Intentions,USA,0
Dick,France,0
Dick,Canada,0
Dick,USA,0
Dogma,USA,0
Drop Dead Gorgeous,USA,0
Drop Dead Gorgeous,Germany,0
Election,USA,0
Eyes Wide Shut,UK,0
Eyes Wide Shut,USA,0
Fight Club,USA,0
Fight Club,Germany,0
Flawless,USA,0
For Love of the Game,USA,0
Galaxy Quest,USA,0
"Girl, Interrupted",USA,1
"Girl, Interrupted",Germany,1
Jawbreaker,USA,0
Magnolia,USA,0
Mystery Men,USA,0
Notting Hill,UK,0
Notting Hill,USA,0
Office Space,USA,0
Payback,USA,0
Ravenous,Czech Republic,0
Ravenous,UK,0
Ravenous,USA,0
Sleepy Hollow,USA,1
Sleepy Hollow,Germany,1
Star Wars: Episode I - The Phantom Menace,USA,0
Stuart Little,Germany,0
Stuart Little,USA,0
Tarzan,USA,1
The 13th Warrior,USA,0
The Blair Witch Project,USA,0
The Green Mile,USA,0
The Haunting,USA,0
The Iron Giant,USA,0
The Matrix,USA,4
The Matrix,Australia,4
The Mummy,USA,0
The Sixth Sense,USA,0
The Talented Mr. Ripley,USA,0
Topsy-Turvy,UK,2
Toy Story 2,USA,0
Wild Wild West,USA,0
54,USA,0
American History X,USA,0
Armageddon,USA,0
Beloved,USA,0
Blade,USA,0
Bride of Chucky,Canada,0
Bride of Chucky,USA,0
Dark City,Australia,0
Dark City,USA,0
Deep Impact,USA,0
Disturbing Behavior,Australia,0
Disturbing Behavior,USA,0
Disturbing Behavior,Canada,0
Elizabeth,UK,1
Enemy of the State,USA,0
Fear and Loathing in Las Vegas,USA,0
Get Real,UK,0
Godzilla,USA,0
Godzilla,Japan,0
Halloween H20: 20 Years Later,USA,0
Happiness,USA,0
Hope Floats,USA,0
Little Voice,UK,0
"Lock, Stock and Two Smoking Barrels",UK,0
Lost in Space,USA,0
Mercury Rising,USA,0
Mulan,USA,0
Out of Sight,USA,0
Pi,USA,0
Practical Magic,USA,0
Practical Magic,Australia,0
Primary Colors,France,0
Primary Colors,UK,0
Primary Colors,Germany,0
Primary Colors,USA,0
Primary Colors,Japan,0
Quest for Camelot,USA,0
Rounders,USA,0
Run Lola Run,Germany,0
Rush Hour,USA,0
Rushmore,USA,0
Saving Private Ryan,USA,5
Shakespeare in Love,USA,7
Six Days Seven Nights,USA,0
Sliding Doors,UK,0
Sliding Doors,USA,0
Slums of Beverly Hills,USA,0
Small Soldiers,USA,0
Smoke Signals,Canada,0
Smoke Signals,USA,0
Star Trek: Insurrection,USA,0
Stepmom,USA,0
The Avengers,USA,0
The Big Lebowski,USA,0
The Big Lebowski,UK,0
The Faculty,USA,0
The Man in the Iron Mask,USA,0
The Man in the Iron Mask,France,0
The Mask of Zorro,USA,0
The Mask of Zorro,Germany,0
The Negotiator,Germany,0
The Negotiator,USA,0
The Prince of Egypt,USA,1
The Thin Red Line,USA,0
The Truman Show,USA,0
Urban Legend,USA,0
Urban Legend,France,0
Velvet Goldmine,UK,0
Velvet Goldmine,USA,0
Wild Things,USA,0
A Simple Wish,USA,0
Air Bud,USA,0
Air Bud,Canada,0
Air Force One,USA,0
Air Force One,Germany,0
Alien: Resurrection,USA,0
Anastasia,USA,0
As Good as It Gets,USA,2
Austin Powers: International Man of Mystery,USA,0
Austin Powers: International Man of Mystery,Germany,0
Boogie Nights,USA,0
Chasing Amy,USA,0
Cinderella,USA,0
Clockwatchers,UK,0
Clockwatchers,USA,0
Con Air,USA,0
Conspiracy Theory,USA,0
Contact,USA,0
Event Horizon,UK,0
Event Horizon,USA,0
Flubber,USA,0
G.I. Jane,USA,0
G.I. Jane,UK,0
Gattaca,USA,0
George of the Jungle,USA,0
Good Will Hunting,USA,2
Grosse Pointe Blank,USA,0
Hercules,USA,0
I Know What You Did Last Summer,USA,0
In the Company of Men,Canada,0
In the Company of Men,USA,0
Jackie Brown,USA,0
Kiss the Girls,USA,0
L.A. Confidential,USA,2
Liar Liar,USA,0
Men in Black,USA,1
Scream 2,USA,0
Selena,USA,0
Spawn,USA,0
Starship Troopers,USA,0
The Fifth Element,France,0
The Game,USA,0
The Lost World: Jurassic Park,USA,0
The Peacemaker,USA,0
The Postman,USA,0
Titanic,USA,11
Volcano,USA,0
August,UK,0
August,USA,0
Bound,USA,0
Broken Arrow,USA,0
Chain Reaction,USA,0
DragonHeart,USA,0
Emma,UK,1
Emma,USA,1
Escape from L.A.,USA,0
Fargo,USA,2
Fargo,UK,2
Freeway,USA,0
From Dusk Till Dawn,USA,0
Hamlet,UK,0
Hamlet,USA,0
Harriet the Spy,USA,0
Independence Day,USA,1
Jingle All the Way,USA,0
Love and Other Catastrophes,Australia,0
Mars Attacks!,USA,0
Mission: Impossible,USA,0
Romeo + Juliet,USA,0
Scream,USA,0
Set It Off,USA,0
Space Jam,USA,0
Star Trek: First Contact,USA,0
Striptease,USA,0
That Thing You Do!,USA,0
The Cable Guy,USA,0
The Craft,USA,0
The English Patient,USA,9
The English Patient,UK,9
The Fan,USA,0
The First Wives Club,USA,0
The Hunchback of Notre Dame,USA,0
The Long Kiss Goodnight,USA,0
The Mirror Has Two Faces,USA,0
The Rock,USA,0
Trainspotting,UK,0
Twister,USA,0
Walking and Talking,UK,0
Walking and Talking,USA,0
Walking and Talking,Germany,0
Apollo 13,USA,2
Assassins,USA,0
Assassins,France,0
Batman Forever,USA,0
Batman Forever,UK,0
Before Sunrise,USA,0
Before Sunrise,Austria,0
Before Sunrise,Switzerland,0
Braveheart,USA,5
Casino,USA,0
Casino,France,0
Casper,USA,0
Clueless,USA,0
Congo,USA,0
Copycat,USA,0
Die Hard: With a Vengeance,USA,0
Jumanji,USA,0
Mortal Kombat,USA,0
Outbreak,USA,0
Pocahontas,USA,2
Pride and Prejudice,UK,0
Sabrina,Germany,0
Sabrina,USA,0
Safe,UK,0
Safe,USA,0
Se7en,USA,0
Sense and Sensibility,USA,1
Sense and Sensibility,UK,1
Showgirls,France,0
Showgirls,USA,0
Species,USA,0
The American President,USA,0
The Bridges of Madison County,USA,0
The Net,USA,0
The Quick and the Dead,USA,0
The Quick and the Dead,Japan,0
The Usual Suspects,USA,2
The Usual Suspects,Germany,2
Toy Story,USA,0
Twelve Monkeys,USA,0
Waterworld,USA,0
Welcome to the Dollhouse,USA,0
Ace Ventura: Pet Detective,USA,0
Beverly Hills Cop III,USA,0
Clerks.,USA,0
Crooklyn,USA,0
Ed Wood,USA,2
Forrest Gump,USA,6
Legends of the Fall,USA,1
Little Women,USA,0
Little Women,Canada,0
Naked Gun 33 1/3: The Final Insult,USA,0
Priest,UK,0
Pulp Fiction,USA,1
Speed,USA,2
Stargate,France,0
Stargate,USA,0
Street Fighter,USA,0
Street Fighter,Japan,0
The Client,USA,0
The Hudsucker Proxy,UK,0
The Hudsucker Proxy,Germany,0
The Hudsucker Proxy,USA,0
The Lion King,USA,2
The Mask,USA,0
The Santa Clause,USA,0
The Shadow,USA,0
The Shawshank Redemption,USA,0
The Specialist,Peru,0
The Specialist,USA,0
Timecop,Canada,0
Timecop,USA,0
Timecop,Japan,0
True Lies,USA,0
Cliffhanger,Italy,0
Cliffhanger,France,0
Cliffhanger,USA,0
Cool Runnings,USA,0
Dazed and Confused,USA,0
Gettysburg,USA,0
Groundhog Day,USA,0
Hocus Pocus,USA,0
Jurassic Park,USA,3
Mrs. Doubtfire,USA,1
Super Mario Bros.,UK,0
Super Mario Bros.,USA,0
The Age of Innocence,USA,1
The Fugitive,USA,1
The Remains of the Day,UK,0
The Remains of the Day,USA,0
Tombstone,USA,0
A Few Good Men,USA,0
A League of Their Own,USA,0
Aladdin,USA,2
Army of Darkness,USA,0
Batman Returns,USA,0
Batman Returns,UK,0
Death Becomes Her,USA,1
Glengarry Glen Ross,USA,0
Home Alone 2: Lost in New York,USA,0
Malcolm X,USA,0
Malcolm X,Japan,0
My Cousin Vinny,USA,1
Reservoir Dogs,USA,0
The Crying Game,UK,1
The Crying Game,Japan,1
The Mighty Ducks,USA,0
The Muppet Christmas Carol,USA,0
The Player,USA,0
Beauty and the Beast,USA,2
Hook,USA,0
Hudson Hawk,USA,0
Robin Hood: Prince of Thieves,USA,0
Slacker,USA,0
Star Trek VI: The Undiscovered Country,USA,0
Teenage Mutant Ninja Turtles II: The Secret of the Ooze,USA,0
Teenage Mutant Ninja Turtles II: The Secret of the Ooze,Hong Kong,0
The Addams Family,USA,0
The Silence of the Lambs,USA,5
White Fang,USA,0
Back to the Future Part III,USA,0
Die Hard 2,USA,0
Edward Scissorhands,USA,0
Flatliners,USA,0
Ghost,USA,2
Goodfellas,USA,1
Home Alone,USA,0
Predator 2,USA,0
Pretty Woman,USA,0
The Hunt for Red October,USA,1
Total Recall,USA,0
Tremors,USA,0
Back to the Future Part II,USA,0
Batman,USA,1
Batman,UK,1
Dead Poets Society,USA,1
Henry V,UK,1
Indiana Jones and the Last Crusade,USA,1
Licence to Kill,UK,0
Licence to Kill,USA,0
Major League,USA,0
Road House,USA,0
"Sex, Lies, and Videotape",USA,0
Star Trek V: The Final Frontier,USA,0
The Abyss,USA,1
Action Jackson,USA,0
Akira,Japan,0
Bloodsport,USA,0
Dangerous Liaisons,USA,3
Dangerous Liaisons,UK,3
Die Hard,USA,0
Midnight Run,USA,0
My Stepmother Is an Alien,USA,0
Mystic Pizza,USA,0
Poltergeist III,USA,0
Rain Man,USA,4
Scrooged,USA,0
The Land Before Time,USA,0
The Land Before Time,Ireland,0
The Last Temptation of Christ,USA,0
The Last Temptation of Christ,Canada,0
They Live,USA,0
Twins,USA,0
Who Framed Roger Rabbit,USA,3
Young Guns,USA,0
Beverly Hills Cop II,USA,0
Evil Dead II,USA,0
Fatal Attraction,USA,0
"Good Morning, Vietnam",USA,0
Hellraiser,UK,0
Lethal Weapon,USA,0
Predator,USA,0
Radio Days,USA,0
RoboCop,USA,0
Superman IV: The Quest for Peace,UK,0
Superman IV: The Quest for Peace,USA,0
The Last Emperor,China,9
The Last Emperor,Italy,9
The Last Emperor,UK,9
The Last Emperor,France,9
The Lost Boys,USA,0
The Princess Bride,USA,0
Aliens,USA,2
Aliens,UK,2
Crocodile Dundee,Australia,0
Little Shop of Horrors,USA,0
Peggy Sue Got Married,USA,0
Platoon,UK,4
Platoon,USA,4
Top Gun,USA,1
Back to the Future,USA,1
Brazil,UK,0
Commando,USA,0
Ladyhawke,USA,0
Legend,USA,0
Legend,UK,0
Red Sonja,Netherlands,0
Red Sonja,USA,0
Return to Oz,UK,0
Return to Oz,USA,0
The Color Purple,USA,0
Amadeus,USA,8
Beverly Hills Cop,USA,0
Body Double,USA,0
Conan the Destroyer,USA,0
Dune,USA,0
Ghostbusters,USA,0
Gremlins,USA,0
Indiana Jones and the Temple of Doom,USA,1
Police Academy,USA,0
Repo Man,USA,0
Splash,USA,0
Star Trek III: The Search for Spock,USA,0
The Karate Kid,USA,0
The Terminator,UK,0
The Terminator,USA,0
Flashdance,USA,1
Star Wars: Episode VI - Return of the Jedi,USA,0
Superman III,UK,0
Superman III,USA,0
Videodrome,Canada,0
WarGames,USA,0
Blade Runner,USA,0
Blade Runner,Hong Kong,0
Blade Runner,UK,0
Cat People,USA,0
Conan the Barbarian,USA,0
Diner,USA,0
Fast Times at Ridgemont High,USA,0
First Blood,USA,0
Friday the 13th Part III,USA,0
Poltergeist,USA,0
The Best Little Whorehouse in Texas,USA,0
Tootsie,USA,1
TRON,USA,0
Das Boot,West Germany,0
Escape from New York,UK,0
Escape from New York,USA,0
Friday the 13th Part 2,USA,0
Halloween II,USA,0
Heavy Metal,Canada,0
Raiders of the Lost Ark,USA,4
The Evil Dead,USA,0
Time Bandits,UK,0
Airplane!,USA,0
Fame,USA,2
Flash Gordon,USA,0
Flash Gordon,UK,0
Friday the 13th,USA,0
Private Benjamin,USA,0
Raging Bull,USA,2
Somewhere in Time,USA,0
Star Wars: Episode V - The Empire Strikes Back,USA,1
Superman II,USA,0
Superman II,UK,0
The Blues Brothers,USA,0
The Fog,USA,0
The Shining,UK,0
The Shining,USA,0
Alien,USA,1
Alien,UK,1
Apocalypse Now,USA,2
Moonraker,UK,0
Moonraker,France,0
Star Trek: The Motion Picture,USA,0
The Amityville Horror,USA,0
Animal House,USA,0
Dawn of the Dead,Italy,0
Dawn of the Dead,USA,0
Days of Heaven,USA,1
Grease,USA,0
Halloween,USA,0
I Spit on Your Grave,USA,0
Superman,USA,0
Superman,UK,0
The Deer Hunter,UK,5
The Deer Hunter,USA,5
A Bridge Too Far,USA,0
A Bridge Too Far,UK,0
Annie Hall,USA,4
Close Encounters of the Third Kind,USA,1
Eraserhead,USA,0
Julia,USA,3
Assault on Precinct 13,USA,0
Family Plot,USA,0
Network,USA,4
Rocky,USA,3
Silent Movie,USA,0
Taxi Driver,USA,0
Barry Lyndon,UK,4
Barry Lyndon,USA,4
Jaws,USA,3
Monty Python and the Holy Grail,UK,0
The Rocky Horror Picture Show,UK,0
The Rocky Horror Picture Show,USA,0
Black Christmas,Canada,0
Blazing Saddles,USA,0
The Conversation,USA,0
The Godfather: Part II,USA,6
The Texas Chain Saw Massacre,USA,0
The Towering Inferno,USA,3
Young Frankenstein,USA,0
American Graffiti,USA,0
Sleeper,USA,0
The Exorcist,USA,2
The Sting,USA,7
The Godfather,USA,3
Shaft,USA,1
Straw Dogs,USA,0
Straw Dogs,UK,0
The French Connection,USA,5
