title,country,latitude,longitude
12 Years a Slave,USA,37.0902,-95.7129
12 Years a Slave,UK,55.3781,-3.4361
2 Guns,USA,37.0902,-95.7129
42,USA,37.0902,-95.7129
47 Ronin,USA,37.0902,-95.7129
A Good Day to Die Hard,USA,37.0902,-95.7129
About Time,UK,55.3781,-3.4361
Admission,USA,37.0902,-95.7129
After Earth,USA,37.0902,-95.7129
American Hustle,USA,37.0902,-95.7129
August: Osage County,USA,37.0902,-95.7129
Beautiful Creatures,USA,37.0902,-95.7129
Blue Jasmine,USA,37.0902,-95.7129
Captain Phillips,USA,37.0902,-95.7129
Carrie,USA,37.0902,-95.7129
Cloudy with a Chance of Meatballs 2,USA,37.0902,-95.7129
Despicable Me 2,USA,37.0902,-95.7129
Don Jon,USA,37.0902,-95.7129
Elysium,USA,37.0902,-95.7129
Epic,USA,37.0902,-95.7129
Escape from Planet Earth,USA,37.0902,-95.7129
Escape from Planet Earth,Canada,56.1304,-106.3468
Escape Plan,USA,37.0902,-95.7129
Evil Dead,USA,37.0902,-95.7129
Frozen,USA,37.0902,-95.7129
G.I. Joe: Retaliation,USA,37.0902,-95.7129
Gangster Squad,USA,37.0902,-95.7129
Gloria,Chile,-35.6751,-71.543
Gloria,Spain,40.4637,-3.7492
Gravity,USA,37.0902,-95.7129
Gravity,UK,55.3781,-3.4361
Grown Ups 2,USA,37.0902,-95.7129
Her,USA,37.0902,-95.7129
Identity Thief,USA,37.0902,-95.7129
Insidious: Chapter 2,USA,37.0902,-95.7129
Insidious: Chapter 2,Canada,56.1304,-106.3468
Iron Man 3,USA,37.0902,-95.7129
Iron Man 3,China,35.8617,104.1954
Jack the Giant Slayer,USA,37.0902,-95.7129
Kick-Ass 2,USA,37.0902,-95.7129
Kick-Ass 2,UK,55.3781,-3.4361
Last Vegas,USA,37.0902,-95.7129
Machete Kills,Russia,61.524,105.3188
Machete Kills,USA,37.0902,-95.7129
Mama,Canada,56.1304,-106.3468
Mama,Spain,40.4637,-3.7492
Man of Steel,USA,37.0902,-95.7129
Man of Steel,Canada,56.1304,-106.3468
Man of Steel,UK,55.3781,-3.4361
Nebraska,USA,37.0902,-95.7129
Now You See Me,France,46.603354,1.888334
Now You See Me,USA,37.0902,-95.7129
Oblivion,USA,37.0902,-95.7129
Olympus Has Fallen,USA,37.0902,-95.7129
Oz the Great and Powerful,USA,37.0902,-95.7129
Pacific Rim,USA,37.0902,-95.7129
Parker,USA,37.0902,-95.7129
Peeples,USA,37.0902,-95.7129
Percy Jackson: Sea of Monsters,USA,37.0902,-95.7129
Prisoners,USA,37.0902,-95.7129
R.I.P.D.,USA,37.0902,-95.7129
Riddick,USA,37.0902,-95.7129
Riddick,UK,55.3781,-3.4361
Runner Runner,USA,37.0902,-95.7129
Rush,USA,37.0902,-95.7129
Rush,Germany,51.1657,10.4515
Rush,UK,55.3781,-3.4361
Safe Haven,USA,37.0902,-95.7129
Saving Mr. Banks,USA,37.0902,-95.7129
Saving Mr. Banks,UK,55.3781,-3.4361
Saving Mr. Banks,Australia,-25.2744,133.7751
Side Effects,USA,37.0902,-95.7129
Star Trek Into Darkness,USA,37.0902,-95.7129
Texas Chainsaw 3D,USA,37.0902,-95.7129
The Big Wedding,USA,37.0902,-95.7129
The Book Thief,USA,37.0902,-95.7129
The Book Thief,Germany,51.1657,10.4515
The Call,USA,37.0902,-95.7129
The Conjuring,USA,37.0902,-95.7129
The Counselor,USA,37.0902,-95.7129
The Counselor,UK,55.3781,-3.4361
The Croods,USA,37.0902,-95.7129
The Family,USA,37.0902,-95.7129
The Family,France,46.603354,1.888334
The Fifth Estate,USA,37.0902,-95.7129
The Fifth Estate,Belgium,50.5039,4.4699
The Frozen Ground,USA,37.0902,-95.7129
The Great Gatsby,Australia,-25.2744,133.7751
The Great Gatsby,USA,37.0902,-95.7129
The Heat,USA,37.0902,-95.7129
The Hobbit: The Desolation of Smaug,USA,37.0902,-95.7129
The Hobbit: The Desolation of Smaug,New Zealand,-40.9006,174.886
The Host,USA,37.0902,-95.7129
The Hunger Games: Catching Fire,USA,37.0902,-95.7129
The Incredible Burt Wonderstone,USA,37.0902,-95.7129
The Internship,USA,37.0902,-95.7129
The Last Exorcism Part II,USA,37.0902,-95.7129
The Lone Ranger,USA,37.0902,-95.7129
The Mortal Instruments: City of Bones,USA,37.0902,-95.7129
The Mortal Instruments: City of Bones,Germany,51.1657,10.4515
The Mortal Instruments: City of Bones,Canada,56.1304,-106.3468
The Purge,USA,37.0902,-95.7129
The Purge,France,46.603354,1.888334
The Smurfs 2,USA,37.0902,-95.7129
The To Do List,USA,37.0902,-95.7129
The Way Way Back,USA,37.0902,-95.7129
The Wolf of Wall Street,USA,37.0902,-95.7129
The Wolverine,USA,37.0902,-95.7129
The Wolverine,UK,55.3781,-3.4361
This Is the End,USA,37.0902,-95.7129
Thor: The Dark World,USA,37.0902,-95.7129
Trance,UK,55.3781,-3.4361
Trance,France,46.603354,1.888334
Turbo,USA,37.0902,-95.7129
Warm Bodies,USA,37.0902,-95.7129
White House Down,USA,37.0902,-95.7129
World War Z,USA,37.0902,-95.7129
World War Z,Malta,35.9375,14.3754
Abraham Lincoln: Vampire Hunter,USA,37.0902,-95.7129
Act of Valor,USA,37.0902,-95.7129
Amour,France,46.603354,1.888334
Amour,Germany,51.1657,10.4515
Amour,Austria,47.5162,14.5501
Anna Karenina,UK,55.3781,-3.4361
Argo,USA,37.0902,-95.7129
Battleship,USA,37.0902,-95.7129
Beasts of the Southern Wild,USA,37.0902,-95.7129
Blue Like Jazz,USA,37.0902,-95.7129
Brave,USA,37.0902,-95.7129
Bullet to the Head,USA,37.0902,-95.7129
Chernobyl Diaries,USA,37.0902,-95.7129
Chronicle,USA,37.0902,-95.7129
Cloud Atlas,Germany,51.1657,10.4515
Cloud Atlas,USA,37.0902,-95.7129
Cloud Atlas,Hong Kong,22.3193,114.1694
Cloud Atlas,Singapore, 1.3521,103.8198
Contraband,USA,37.0902,-95.7129
Contraband,UK,55.3781,-3.4361
Contraband,France,46.603354,1.888334
Django Unchained,USA,37.0902,-95.7129
Flight,USA,37.0902,-95.7129
Frankenweenie,USA,37.0902,-95.7129
Hotel Transylvania,USA,37.0902,-95.7129
Jack Reacher,USA,37.0902,-95.7129
John Carter,USA,37.0902,-95.7129
Killing Them Softly,USA,37.0902,-95.7129
Life of Pi,USA,37.0902,-95.7129
Life of Pi,Taiwan,23.6978,120.9605
Life of Pi,UK,55.3781,-3.4361
Lincoln,USA,37.0902,-95.7129
Mirror Mirror,USA,37.0902,-95.7129
Mirror Mirror,Canada,56.1304,-106.3468
Moonrise Kingdom,USA,37.0902,-95.7129
Much Ado About Nothing,USA,37.0902,-95.7129
One for the Money,USA,37.0902,-95.7129
Paranormal Activity 4,USA,37.0902,-95.7129
ParaNorman,USA,37.0902,-95.7129
Parental Guidance,USA,37.0902,-95.7129
People Like Us,USA,37.0902,-95.7129
Pitch Perfect,USA,37.0902,-95.7129
Premium Rush,USA,37.0902,-95.7129
Red Dawn,USA,37.0902,-95.7129
Red Tails,USA,37.0902,-95.7129
Rise of the Guardians,USA,37.0902,-95.7129
Rock of Ages,USA,37.0902,-95.7129
Safe,USA,37.0902,-95.7129
Safety Not Guaranteed,USA,37.0902,-95.7129
Seven Psychopaths,UK,55.3781,-3.4361
Silent Hill: Revelation 3D,France,46.603354,1.888334
Silent Hill: Revelation 3D,USA,37.0902,-95.7129
Silent Hill: Revelation 3D,Canada,56.1304,-106.3468
Silver Linings Playbook,USA,37.0902,-95.7129
Sinister,USA,37.0902,-95.7129
Sinister,UK,55.3781,-3.4361
Skyfall,UK,55.3781,-3.4361
Skyfall,USA,37.0902,-95.7129
Snow White and the Huntsman,USA,37.0902,-95.7129
Sparkle,USA,37.0902,-95.7129
Spring Breakers,USA,37.0902,-95.7129
Step Up Revolution,USA,37.0902,-95.7129
Supporting Characters,USA,37.0902,-95.7129
Ted,USA,37.0902,-95.7129
The Amazing Spider-Man,USA,37.0902,-95.7129
The Avengers,USA,37.0902,-95.7129
The Dark Knight Rises,USA,37.0902,-95.7129
The Dark Knight Rises,UK,55.3781,-3.4361
The Devil Inside,USA,37.0902,-95.7129
The Dictator,USA,37.0902,-95.7129
The Expendables 2,USA,37.0902,-95.7129
The Hobbit: An Unexpected Journey,USA,37.0902,-95.7129
The Hobbit: An Unexpected Journey,New Zealand,-40.9006,174.886
The Hunger Games,USA,37.0902,-95.7129
The Impossible,Spain,40.4637,-3.7492
The Man with the Iron Fists,USA,37.0902,-95.7129
The Man with the Iron Fists,Hong Kong,22.3193,114.1694
The Master,USA,37.0902,-95.7129
The Pirates! Band of Misfits,UK,55.3781,-3.4361
The Pirates! Band of Misfits,USA,37.0902,-95.7129
The Place Beyond the Pines,USA,37.0902,-95.7129
The Twilight Saga: Breaking Dawn - Part 2,USA,37.0902,-95.7129
The Vow,USA,37.0902,-95.7129
The Vow,France,46.603354,1.888334
The Vow,Australia,-25.2744,133.7751
The Vow,UK,55.3781,-3.4361
The Vow,Germany,51.1657,10.4515
The Watch,USA,37.0902,-95.7129
The Woman in Black,UK,55.3781,-3.4361
The Woman in Black,Canada,56.1304,-106.3468
The Woman in Black,Sweden,60.1282,18.6435
The Words,USA,37.0902,-95.7129
Think Like a Man,USA,37.0902,-95.7129
Total Recall,USA,37.0902,-95.7129
Total Recall,Canada,56.1304,-106.3468
Underworld: Awakening,USA,37.0902,-95.7129
Wanderlust,USA,37.0902,-95.7129
Wrath of the Titans,USA,37.0902,-95.7129
Wrath of the Titans,Spain,40.4637,-3.7492
Wreck-It Ralph,USA,37.0902,-95.7129
Zero Dark Thirty,USA,37.0902,-95.7129
30 Minutes or Less,Germany,51.1657,10.4515
30 Minutes or Less,Canada,56.1304,-106.3468
30 Minutes or Less,USA,37.0902,-95.7129
50/50,USA,37.0902,-95.7129
A Dangerous Method,UK,55.3781,-3.4361
A Dangerous Method,Germany,51.1657,10.4515
A Dangerous Method,Canada,56.1304,-106.3468
A Dangerous Method,Switzerland,46.8182,8.2275
A Lonely Place to Die,UK,55.3781,-3.4361
Another Earth,USA,37.0902,-95.7129
Apollo 18,USA,37.0902,-95.7129
Apollo 18,Canada,56.1304,-106.3468
Arthur Christmas,UK,55.3781,-3.4361
Arthur Christmas,USA,37.0902,-95.7129
Attack the Block,UK,55.3781,-3.4361
Attack the Block,France,46.603354,1.888334
Bad Teacher,USA,37.0902,-95.7129
Beastly,USA,37.0902,-95.7129
Blackthorn,Spain,40.4637,-3.7492
Blackthorn,USA,37.0902,-95.7129
Blackthorn,Bolivia,-16.2902,-63.5887
Blackthorn,France,46.603354,1.888334
Bridesmaids,USA,37.0902,-95.7129
Captain America: The First Avenger,USA,37.0902,-95.7129
Cars 2,USA,37.0902,-95.7129
Circumstance,France,46.603354,1.888334
Circumstance,USA,37.0902,-95.7129
Circumstance,Iran,32.4279,53.688
Colombiana,France,46.603354,1.888334
Conan the Barbarian,USA,37.0902,-95.7129
Contagion,USA,37.0902,-95.7129
Contagion,United Arab Emirates,23.4241, 53.8478
Coriolanus,UK,55.3781,-3.4361
Detention,USA,37.0902,-95.7129
Diary of a Wimpy Kid: Rodrick Rules,USA,37.0902,-95.7129
Dolphin Tale,USA,37.0902,-95.7129
Dream House,USA,37.0902,-95.7129
Dream House,Canada,56.1304,-106.3468
Drive,USA,37.0902,-95.7129
Fast Five,USA,37.0902,-95.7129
Final Destination 5,USA,37.0902,-95.7129
Final Destination 5,Canada,56.1304,-106.3468
Footloose,USA,37.0902,-95.7129
Fright Night,USA,37.0902,-95.7129
Green Lantern,USA,37.0902,-95.7129
Hall Pass,USA,37.0902,-95.7129
Hanna,USA,37.0902,-95.7129
Hanna,UK,55.3781,-3.4361
Hanna,Germany,51.1657,10.4515
Harry Potter and the Deathly Hallows: Part 2,USA,37.0902,-95.7129
Harry Potter and the Deathly Hallows: Part 2,UK,55.3781,-3.4361
Haywire,USA,37.0902,-95.7129
Haywire,Ireland,53.1424,-7.6921
Higher Ground,USA,37.0902,-95.7129
Hobo with a Shotgun,Canada,56.1304,-106.3468
Hop,USA,37.0902,-95.7129
Horrible Bosses,USA,37.0902,-95.7129
Hugo,USA,37.0902,-95.7129
I Am Number Four,USA,37.0902,-95.7129
Immortals,USA,37.0902,-95.7129
In Time,USA,37.0902,-95.7129
Iris,Finland,61.9241,25.7482
Iris,Sweden,60.1282,18.6435
Johnny English Reborn,USA,37.0902,-95.7129
Johnny English Reborn,France,46.603354,1.888334
Johnny English Reborn,UK,55.3781,-3.4361
Jumping the Broom,USA,37.0902,-95.7129
Just Go with It,USA,37.0902,-95.7129
Kill List,UK,55.3781,-3.4361
Killer Elite,UK,55.3781,-3.4361
Killer Elite,Australia,-25.2744,133.7751
Kung Fu Panda 2,USA,37.0902,-95.7129
Le Havre,Finland,61.9241,25.7482
Le Havre,France,46.603354,1.888334
Le Havre,Germany,51.1657,10.4515
Like Crazy,USA,37.0902,-95.7129
Limitless,USA,37.0902,-95.7129
Margaret,USA,37.0902,-95.7129
Margin Call,USA,37.0902,-95.7129
Mars Needs Moms,USA,37.0902,-95.7129
Martha Marcy May Marlene,USA,37.0902,-95.7129
Melancholia,Denmark,56.2639,9.5018
Melancholia,Sweden,60.1282,18.6435
Melancholia,France,46.603354,1.888334
Melancholia,Germany,51.1657,10.4515
Midnight in Paris,Spain,40.4637,-3.7492
Midnight in Paris,USA,37.0902,-95.7129
Mission: Impossible - Ghost Protocol,USA,37.0902,-95.7129
Mission: Impossible - Ghost Protocol,United Arab Emirates,23.4241, 53.8478
Mission: Impossible - Ghost Protocol,Czech Republic,49.8175,15.47296
Moneyball,USA,37.0902,-95.7129
No Strings Attached,USA,37.0902,-95.7129
October Baby,USA,37.0902,-95.7129
Our Idiot Brother,USA,37.0902,-95.7129
Paranormal Activity 3,USA,37.0902,-95.7129
Paul,USA,37.0902,-95.7129
Paul,UK,55.3781,-3.4361
Pirates of the Caribbean: On Stranger Tides,USA,37.0902,-95.7129
Priest,USA,37.0902,-95.7129
Puss in Boots,USA,37.0902,-95.7129
Rango,USA,37.0902,-95.7129
Real Steel,USA,37.0902,-95.7129
Real Steel,India,20.5937,78.9629
Red Riding Hood,USA,37.0902,-95.7129
Red Riding Hood,Canada,56.1304,-106.3468
Red State,USA,37.0902,-95.7129
Restless,USA,37.0902,-95.7129
Rio,USA,37.0902,-95.7129
Rise of the Planet of the Apes,USA,37.0902,-95.7129
Shame,UK,55.3781,-3.4361
Snow Flower and the Secret Fan,China,35.8617,104.1954
Snow Flower and the Secret Fan,USA,37.0902,-95.7129
Soul Surfer,USA,37.0902,-95.7129
Source Code,USA,37.0902,-95.7129
Source Code,Canada,56.1304,-106.3468
Straw Dogs,USA,37.0902,-95.7129
Sucker Punch,USA,37.0902,-95.7129
Sucker Punch,Canada,56.1304,-106.3468
Super 8,USA,37.0902,-95.7129
Take Shelter,USA,37.0902,-95.7129
The Adjustment Bureau,USA,37.0902,-95.7129
The Adventures of Tintin,USA,37.0902,-95.7129
The Adventures of Tintin,New Zealand,-40.9006,174.886
The Artist,France,46.603354,1.888334
The Artist,Belgium,50.5039,4.4699
The Artist,USA,37.0902,-95.7129
The Best Exotic Marigold Hotel,UK,55.3781,-3.4361
The Best Exotic Marigold Hotel,USA,37.0902,-95.7129
The Best Exotic Marigold Hotel,United Arab Emirates,23.4241, 53.8478
The Darkest Hour,USA,37.0902,-95.7129
The Divide,Germany,51.1657,10.4515
The Divide,USA,37.0902,-95.7129
The Divide,Canada,56.1304,-106.3468
The Future,Germany,51.1657,10.4515
The Future,USA,37.0902,-95.7129
The Girl with the Dragon Tattoo,USA,37.0902,-95.7129
The Girl with the Dragon Tattoo,Sweden,60.1282,18.6435
The Girl with the Dragon Tattoo,Norway,60.472,8.4689
The Green Hornet,USA,37.0902,-95.7129
The Guard,Ireland,53.1424,-7.6921
The Help,USA,37.0902,-95.7129
The Help,India,20.5937,78.9629
The Help,United Arab Emirates,23.4241, 53.8478
The Iron Lady,UK,55.3781,-3.4361
The Iron Lady,France,46.603354,1.888334
The Lincoln Lawyer,USA,37.0902,-95.7129
The Mechanic,USA,37.0902,-95.7129
The Muppets,USA,37.0902,-95.7129
The Rite,USA,37.0902,-95.7129
The Rite,Hungary,47.1625,19.5033
The Rite,Italy,41.8719,12.5674
The Roommate,USA,37.0902,-95.7129
The Smurfs,USA,37.0902,-95.7129
The Three Musketeers,Germany,51.1657,10.4515
The Three Musketeers,France,46.603354,1.888334
The Three Musketeers,UK,55.3781,-3.4361
The Three Musketeers,USA,37.0902,-95.7129
The Tree of Life,USA,37.0902,-95.7129
The Twilight Saga: Breaking Dawn - Part 1,USA,37.0902,-95.7129
Thor,USA,37.0902,-95.7129
Tinker Tailor Soldier Spy,France,46.603354,1.888334
Tinker Tailor Soldier Spy,UK,55.3781,-3.4361
Tinker Tailor Soldier Spy,Germany,51.1657,10.4515
Tower Heist,USA,37.0902,-95.7129
Transformers: Dark of the Moon,USA,37.0902,-95.7129
War Horse,USA,37.0902,-95.7129
Warrior,USA,37.0902,-95.7129
We Bought a Zoo,USA,37.0902,-95.7129
Weekend,UK,55.3781,-3.4361
Winnie the Pooh,USA,37.0902,-95.7129
X-Men: First Class,USA,37.0902,-95.7129
X-Men: First Class,UK,55.3781,-3.4361
Young Adult,USA,37.0902,-95.7129
127 Hours,USA,37.0902,-95.7129
127 Hours,UK,55.3781,-3.4361
Alice in Wonderland,USA,37.0902,-95.7129
Animal Kingdom,Australia,-25.2744,133.7751
Another Year,UK,55.3781,-3.4361
Beginners,USA,37.0902,-95.7129
Biutiful,Mexico,23.6345,-102.5528
Biutiful,Spain,40.4637,-3.7492
Black Swan,USA,37.0902,-95.7129
Blue Valentine,USA,37.0902,-95.7129
Burlesque,USA,37.0902,-95.7129
Casino Jack,Canada,56.1304,-106.3468
Centurion,UK,55.3781,-3.4361
Centurion,France,46.603354,1.888334
Charlie St. Cloud,USA,37.0902,-95.7129
Charlie St. Cloud,Canada,56.1304,-106.3468
Clash of the Titans,USA,37.0902,-95.7129
Conviction,USA,37.0902,-95.7129
Cop Out,USA,37.0902,-95.7129
Country Strong,USA,37.0902,-95.7129
Cyrus,USA,37.0902,-95.7129
Date Night,USA,37.0902,-95.7129
Dear John,USA,37.0902,-95.7129
Despicable Me,USA,37.0902,-95.7129
Devil,USA,37.0902,-95.7129
Diary of a Wimpy Kid,USA,37.0902,-95.7129
Dinner for Schmucks,USA,37.0902,-95.7129
Due Date,USA,37.0902,-95.7129
Dylan Dog: Dead of Night,USA,37.0902,-95.7129
Easy A,USA,37.0902,-95.7129
Edge of Darkness,UK,55.3781,-3.4361
Edge of Darkness,USA,37.0902,-95.7129
Everything Must Go,USA,37.0902,-95.7129
Fair Game,USA,37.0902,-95.7129
Fair Game,United Arab Emirates,23.4241, 53.8478
Faster,USA,37.0902,-95.7129
For Colored Girls,USA,37.0902,-95.7129
Frozen,USA,37.0902,-95.7129
Going the Distance,USA,37.0902,-95.7129
Green Zone,France,46.603354,1.888334
Green Zone,USA,37.0902,-95.7129
Green Zone,Spain,40.4637,-3.7492
Green Zone,UK,55.3781,-3.4361
Grown Ups,USA,37.0902,-95.7129
Gunless,Canada,56.1304,-106.3468
Harry Potter and the Deathly Hallows: Part 1,UK,55.3781,-3.4361
Harry Potter and the Deathly Hallows: Part 1,USA,37.0902,-95.7129
Hot Tub Time Machine,USA,37.0902,-95.7129
How to Train Your Dragon,USA,37.0902,-95.7129
Inception,USA,37.0902,-95.7129
Inception,UK,55.3781,-3.4361
Insidious,USA,37.0902,-95.7129
Insidious,Canada,56.1304,-106.3468
Iron Man 2,USA,37.0902,-95.7129
Kick-Ass,UK,55.3781,-3.4361
Kick-Ass,USA,37.0902,-95.7129
Knight and Day,USA,37.0902,-95.7129
Legion,USA,37.0902,-95.7129
Let Me In,UK,55.3781,-3.4361
Let Me In,USA,37.0902,-95.7129
Letters to Juliet,USA,37.0902,-95.7129
Machete,USA,37.0902,-95.7129
Megamind,USA,37.0902,-95.7129
Monsters,UK,55.3781,-3.4361
Morning Glory,USA,37.0902,-95.7129
Never Let Me Go,UK,55.3781,-3.4361
Never Let Me Go,USA,37.0902,-95.7129
Paranormal Activity 2,USA,37.0902,-95.7129
Please Give,USA,37.0902,-95.7129
Predators,USA,37.0902,-95.7129
Prince of Persia: The Sands of Time,USA,37.0902,-95.7129
Rabbit Hole,USA,37.0902,-95.7129
Ramona and Beezus,USA,37.0902,-95.7129
Red,USA,37.0902,-95.7129
Remember Me,USA,37.0902,-95.7129
Repo Men,USA,37.0902,-95.7129
Repo Men,Canada,56.1304,-106.3468
Robin Hood,USA,37.0902,-95.7129
Robin Hood,UK,55.3781,-3.4361
Salt,USA,37.0902,-95.7129
Scott Pilgrim vs. the World,USA,37.0902,-95.7129
Scott Pilgrim vs. the World,UK,55.3781,-3.4361
Scott Pilgrim vs. the World,Canada,56.1304,-106.3468
Scott Pilgrim vs. the World,Japan,36.2048,138.2529
Secretariat,USA,37.0902,-95.7129
Shrek Forever After,USA,37.0902,-95.7129
Shutter Island,USA,37.0902,-95.7129
Skyline,USA,37.0902,-95.7129
Somewhere,USA,37.0902,-95.7129
Somewhere,UK,55.3781,-3.4361
Somewhere,Italy,41.8719,12.5674
Somewhere,Japan,36.2048,138.2529
Submarine,UK,55.3781,-3.4361
Submarine,USA,37.0902,-95.7129
Super,USA,37.0902,-95.7129
Takers,USA,37.0902,-95.7129
Tangled,USA,37.0902,-95.7129
The A-Team,USA,37.0902,-95.7129
The Back-up Plan,USA,37.0902,-95.7129
The Chronicles of Narnia: The Voyage of the Dawn Treader,USA,37.0902,-95.7129
The Conspirator,USA,37.0902,-95.7129
The Crazies,USA,37.0902,-95.7129
The Crazies,United Arab Emirates,23.4241, 53.8478
The Debt,USA,37.0902,-95.7129
The Debt,UK,55.3781,-3.4361
The Debt,Hungary,47.1625,19.5033
The Debt,Israel,31.0461,34.8516
The Expendables,USA,37.0902,-95.7129
The Fighter,USA,37.0902,-95.7129
The Illusionist,UK,55.3781,-3.4361
The Illusionist,France,46.603354,1.888334
The Karate Kid,USA,37.0902,-95.7129
The Karate Kid,China,35.8617,104.1954
The Kids Are All Right,USA,37.0902,-95.7129
The Killer Inside Me,USA,37.0902,-95.7129
The Killer Inside Me,Sweden,60.1282,18.6435
The Killer Inside Me,UK,55.3781,-3.4361
The Killer Inside Me,Canada,56.1304,-106.3468
The Last Airbender,USA,37.0902,-95.7129
The Last Exorcism,USA,37.0902,-95.7129
The Last Exorcism,France,46.603354,1.888334
The Losers,USA,37.0902,-95.7129
The Next Three Days,USA,37.0902,-95.7129
The Next Three Days,France,46.603354,1.888334
The Other Guys,USA,37.0902,-95.7129
The Runaways,USA,37.0902,-95.7129
The Social Network,USA,37.0902,-95.7129
The Spy Next Door,USA,37.0902,-95.7129
The Switch,USA,37.0902,-95.7129
The Tempest,USA,37.0902,-95.7129
The Tourist,USA,37.0902,-95.7129
The Tourist,France,46.603354,1.888334
The Tourist,Italy,41.8719,12.5674
The Town,USA,37.0902,-95.7129
The Twilight Saga: Eclipse,USA,37.0902,-95.7129
The Wolfman,USA,37.0902,-95.7129
Tiny Furniture,USA,37.0902,-95.7129
Toy Story 3,USA,37.0902,-95.7129
True Grit,USA,37.0902,-95.7129
Unstoppable,USA,37.0902,-95.7129
Wall Street: Money Never Sleeps,USA,37.0902,-95.7129
Welcome to the Rileys,UK,55.3781,-3.4361
Welcome to the Rileys,USA,37.0902,-95.7129
Yogi Bear,USA,37.0902,-95.7129
Yogi Bear,New Zealand,-40.9006,174.886
You Again,USA,37.0902,-95.7129
You Will Meet a Tall Dark Stranger,USA,37.0902,-95.7129
You Will Meet a Tall Dark Stranger,Spain,40.4637,-3.7492
(500) Days of Summer,USA,37.0902,-95.7129
17 Again,USA,37.0902,-95.7129
2012,USA,37.0902,-95.7129
9,USA,37.0902,-95.7129
A Perfect Getaway,USA,37.0902,-95.7129
A Serious Man,USA,37.0902,-95.7129
A Serious Man,UK,55.3781,-3.4361
A Serious Man,France,46.603354,1.888334
A Single Man,USA,37.0902,-95.7129
Adam,USA,37.0902,-95.7129
Adventureland,USA,37.0902,-95.7129
Agora,Spain,40.4637,-3.7492
Ajami,Germany,51.1657,10.4515
Ajami,Israel,31.0461,34.8516
All About Steve,USA,37.0902,-95.7129
An Education,UK,55.3781,-3.4361
An Education,USA,37.0902,-95.7129
Armored,USA,37.0902,-95.7129
Astro Boy,Hong Kong,22.3193,114.1694
Astro Boy,USA,37.0902,-95.7129
Astro Boy,Japan,36.2048,138.2529
Avatar,USA,37.0902,-95.7129
Avatar,UK,55.3781,-3.4361
Away We Go,USA,37.0902,-95.7129
Away We Go,UK,55.3781,-3.4361
Bride Wars,USA,37.0902,-95.7129
Bright Star,UK,55.3781,-3.4361
Bright Star,Australia,-25.2744,133.7751
Bright Star,France,46.603354,1.888334
Brothers,USA,37.0902,-95.7129
Capitalism: A Love Story,USA,37.0902,-95.7129
Case 39,USA,37.0902,-95.7129
Case 39,Canada,56.1304,-106.3468
Chloe,USA,37.0902,-95.7129
Chloe,Canada,56.1304,-106.3468
Chloe,France,46.603354,1.888334
Cloudy with a Chance of Meatballs,USA,37.0902,-95.7129
Coraline,USA,37.0902,-95.7129
Daybreakers,Australia,-25.2744,133.7751
Daybreakers,USA,37.0902,-95.7129
Dead Snow,Norway,60.472,8.4689
District 9,USA,37.0902,-95.7129
District 9,New Zealand,-40.9006,174.886
District 9,Canada,56.1304,-106.3468
District 9,South Africa,-30.5595,22.9375
Drag Me to Hell,USA,37.0902,-95.7129
Enter the Void,France,46.603354,1.888334
Enter the Void,Germany,51.1657,10.4515
Enter the Void,Italy,41.8719,12.5674
Enter the Void,Canada,56.1304,-106.3468
Fantastic Mr. Fox,USA,37.0902,-95.7129
Fired Up!,USA,37.0902,-95.7129
Fish Tank,UK,55.3781,-3.4361
Fish Tank,Netherlands,52.1326,5.2913
Friday the 13th,USA,37.0902,-95.7129
Funny People,USA,37.0902,-95.7129
G-Force,USA,37.0902,-95.7129
G.I. Joe: The Rise of Cobra,USA,37.0902,-95.7129
G.I. Joe: The Rise of Cobra,Czech Republic,49.8175,15.47296
Gamer,USA,37.0902,-95.7129
Get Low,USA,37.0902,-95.7129
Get Low,Germany,51.1657,10.4515
Get Low,Poland,51.9194,19.1451
Harry Brown,UK,55.3781,-3.4361
Harry Potter and the Half-Blood Prince,UK,55.3781,-3.4361
Harry Potter and the Half-Blood Prince,USA,37.0902,-95.7129
I Come with the Rain,France,46.603354,1.888334
I Come with the Rain,Hong Kong,22.3193,114.1694
I Come with the Rain,Ireland,53.1424,-7.6921
I Come with the Rain,Spain,40.4637,-3.7492
I Come with the Rain,UK,55.3781,-3.4361
I Love You Phillip Morris,France,46.603354,1.888334
I Love You Phillip Morris,USA,37.0902,-95.7129
"I Love You, Man",USA,37.0902,-95.7129
Ice Age: Dawn of the Dinosaurs,USA,37.0902,-95.7129
Inglourious Basterds,USA,37.0902,-95.7129
Inglourious Basterds,Germany,51.1657,10.4515
Invictus,USA,37.0902,-95.7129
Knowing,USA,37.0902,-95.7129
Knowing,UK,55.3781,-3.4361
Knowing,Australia,-25.2744,133.7751
Law Abiding Citizen,USA,37.0902,-95.7129
Life During Wartime,USA,37.0902,-95.7129
Monsters vs Aliens,USA,37.0902,-95.7129
Moon,UK,55.3781,-3.4361
Mother and Child,USA,37.0902,-95.7129
Mother and Child,Spain,40.4637,-3.7492
Nine,USA,37.0902,-95.7129
Nine,Italy,41.8719,12.5674
Ninja Assassin,USA,37.0902,-95.7129
Ninja Assassin,Germany,51.1657,10.4515
Nowhere Boy,UK,55.3781,-3.4361
Nowhere Boy,Canada,56.1304,-106.3468
Ondine,Ireland,53.1424,-7.6921
Ondine,USA,37.0902,-95.7129
Paa,India,20.5937,78.9629
Pandorum,Germany,51.1657,10.4515
Pandorum,UK,55.3781,-3.4361
Planet 51,Spain,40.4637,-3.7492
Planet 51,UK,55.3781,-3.4361
Planet 51,USA,37.0902,-95.7129
Public Enemies,USA,37.0902,-95.7129
Push,USA,37.0902,-95.7129
Push,Canada,56.1304,-106.3468
Sherlock Holmes,USA,37.0902,-95.7129
Sherlock Holmes,Germany,51.1657,10.4515
Splice,Canada,56.1304,-106.3468
Splice,France,46.603354,1.888334
Splice,USA,37.0902,-95.7129
Star Trek,USA,37.0902,-95.7129
Star Trek,Germany,51.1657,10.4515
State of Play,USA,37.0902,-95.7129
State of Play,UK,55.3781,-3.4361
State of Play,France,46.603354,1.888334
Surrogates,USA,37.0902,-95.7129
Terminator Salvation,USA,37.0902,-95.7129
Terminator Salvation,Germany,51.1657,10.4515
Terminator Salvation,UK,55.3781,-3.4361
Terminator Salvation,Italy,41.8719,12.5674
The Blind Side,USA,37.0902,-95.7129
The Boondock Saints II: All Saints Day,USA,37.0902,-95.7129
The Box,USA,37.0902,-95.7129
The City of Your Final Destination,USA,37.0902,-95.7129
The Final Destination,USA,37.0902,-95.7129
The Fourth Kind,USA,37.0902,-95.7129
The Fourth Kind,UK,55.3781,-3.4361
The Girl with the Dragon Tattoo,Sweden,60.1282,18.6435
The Girl with the Dragon Tattoo,Denmark,56.2639,9.5018
The Girl with the Dragon Tattoo,Germany,51.1657,10.4515
The Girl with the Dragon Tattoo,Norway,60.472,8.4689
The Girlfriend Experience,USA,37.0902,-95.7129
The Good Guy,USA,37.0902,-95.7129
The Hangover,USA,37.0902,-95.7129
The Hangover,Germany,51.1657,10.4515
The Imaginarium of Doctor Parnassus,UK,55.3781,-3.4361
The Imaginarium of Doctor Parnassus,Canada,56.1304,-106.3468
The Imaginarium of Doctor Parnassus,France,46.603354,1.888334
The Informant!,USA,37.0902,-95.7129
The Invention of Lying,USA,37.0902,-95.7129
The Last Station,Germany,51.1657,10.4515
The Last Station,Russia,61.524,105.3188
The Last Station,UK,55.3781,-3.4361
The Lovely Bones,USA,37.0902,-95.7129
The Lovely Bones,UK,55.3781,-3.4361
The Lovely Bones,New Zealand,-40.9006,174.886
The Men Who Stare at Goats,USA,37.0902,-95.7129
The Men Who Stare at Goats,UK,55.3781,-3.4361
The Messenger,USA,37.0902,-95.7129
The Princess and the Frog,USA,37.0902,-95.7129
The Proposal,USA,37.0902,-95.7129
The Road,USA,37.0902,-95.7129
The Secret of Kells,France,46.603354,1.888334
The Secret of Kells,Belgium,50.5039,4.4699
The Secret of Kells,Ireland,53.1424,-7.6921
The Soloist,UK,55.3781,-3.4361
The Soloist,USA,37.0902,-95.7129
The Soloist,France,46.603354,1.888334
The Ugly Truth,USA,37.0902,-95.7129
The Unborn,USA,37.0902,-95.7129
The Young Victoria,UK,55.3781,-3.4361
The Young Victoria,USA,37.0902,-95.7129
Transformers: Revenge of the Fallen,USA,37.0902,-95.7129
Up,USA,37.0902,-95.7129
Up in the Air,USA,37.0902,-95.7129
Veronika Decides to Die,USA,37.0902,-95.7129
Watchmen,USA,37.0902,-95.7129
Whatever Works,USA,37.0902,-95.7129
Whatever Works,France,46.603354,1.888334
Where the Wild Things Are,USA,37.0902,-95.7129
Where the Wild Things Are,Australia,-25.2744,133.7751
Where the Wild Things Are,Germany,51.1657,10.4515
Whip It,USA,37.0902,-95.7129
Whiteout,USA,37.0902,-95.7129
Whiteout,Canada,56.1304,-106.3468
Whiteout,France,46.603354,1.888334
Whiteout,Turkey,,
X-Men Origins: Wolverine,USA,37.0902,-95.7129
Youth in Revolt,USA,37.0902,-95.7129
Zombieland,USA,37.0902,-95.7129
21,USA,37.0902,-95.7129
Appaloosa,USA,37.0902,-95.7129
Australia,Australia,-25.2744,133.7751
Australia,USA,37.0902,-95.7129
Australia,UK,55.3781,-3.4361
Baby Mama,USA,37.0902,-95.7129
Be Kind Rewind,UK,55.3781,-3.4361
Be Kind Rewind,USA,37.0902,-95.7129
Bedtime Stories,USA,37.0902,-95.7129
Blindness,Canada,56.1304,-106.3468
Blindness,Brazil,-14.235,-51.9253
Blindness,Japan,36.2048,138.2529
Bolt,USA,37.0902,-95.7129
Burn After Reading,USA,37.0902,-95.7129
Burn After Reading,UK,55.3781,-3.4361
Burn After Reading,France,46.603354,1.888334
Changeling,USA,37.0902,-95.7129
Che: Part One,France,46.603354,1.888334
Che: Part One,Spain,40.4637,-3.7492
Che: Part One,USA,37.0902,-95.7129
City of Ember,USA,37.0902,-95.7129
Cloverfield,USA,37.0902,-95.7129
Day of the Dead,USA,37.0902,-95.7129
Death Race,USA,37.0902,-95.7129
Death Race,Germany,51.1657,10.4515
Death Race,UK,55.3781,-3.4361
Defiance,USA,37.0902,-95.7129
"Definitely, Maybe",UK,55.3781,-3.4361
"Definitely, Maybe",USA,37.0902,-95.7129
"Definitely, Maybe",France,46.603354,1.888334
Doomsday,UK,55.3781,-3.4361
Doomsday,USA,37.0902,-95.7129
Doomsday,South Africa,-30.5595,22.9375
Doomsday,Germany,51.1657,10.4515
Doubt,USA,37.0902,-95.7129
Eagle Eye,USA,37.0902,-95.7129
Eagle Eye,Germany,51.1657,10.4515
Easy Virtue,UK,55.3781,-3.4361
Easy Virtue,Canada,56.1304,-106.3468
Fireproof,USA,37.0902,-95.7129
Forgetting Sarah Marshall,USA,37.0902,-95.7129
Four Christmases,USA,37.0902,-95.7129
Four Christmases,Germany,51.1657,10.4515
Frost/Nixon,USA,37.0902,-95.7129
Frost/Nixon,UK,55.3781,-3.4361
Frost/Nixon,France,46.603354,1.888334
Frozen River,USA,37.0902,-95.7129
Ghost Town,USA,37.0902,-95.7129
Gran Torino,USA,37.0902,-95.7129
Gran Torino,Germany,51.1657,10.4515
Hamlet 2,USA,37.0902,-95.7129
Hancock,USA,37.0902,-95.7129
High School Musical 3: Senior Year,USA,37.0902,-95.7129
Igor,USA,37.0902,-95.7129
Igor,France,46.603354,1.888334
In Bruges,UK,55.3781,-3.4361
In Bruges,USA,37.0902,-95.7129
Indiana Jones and the Kingdom of the Crystal Skull,USA,37.0902,-95.7129
Inkheart,Germany,51.1657,10.4515
Inkheart,UK,55.3781,-3.4361
Inkheart,USA,37.0902,-95.7129
Iron Man,USA,37.0902,-95.7129
Journey to the Center of the Earth,USA,37.0902,-95.7129
Jumper,USA,37.0902,-95.7129
Jumper,Canada,56.1304,-106.3468
Kung Fu Panda,USA,37.0902,-95.7129
Made of Honor,USA,37.0902,-95.7129
Made of Honor,UK,55.3781,-3.4361
Max Payne,Canada,56.1304,-106.3468
Max Payne,USA,37.0902,-95.7129
Meet Dave,USA,37.0902,-95.7129
Milk,USA,37.0902,-95.7129
Miracle at St. Anna,USA,37.0902,-95.7129
Miracle at St. Anna,Italy,41.8719,12.5674
Pineapple Express,USA,37.0902,-95.7129
Pontypool,Canada,56.1304,-106.3468
Possession,USA,37.0902,-95.7129
Prom Night,USA,37.0902,-95.7129
Prom Night,Canada,56.1304,-106.3468
Quantum of Solace,UK,55.3781,-3.4361
Quantum of Solace,USA,37.0902,-95.7129
Quarantine,USA,37.0902,-95.7129
Rachel Getting Married,USA,37.0902,-95.7129
Revolutionary Road,USA,37.0902,-95.7129
Revolutionary Road,UK,55.3781,-3.4361
RocknRolla,UK,55.3781,-3.4361
RocknRolla,USA,37.0902,-95.7129
Seven Pounds,USA,37.0902,-95.7129
Sex and the City,USA,37.0902,-95.7129
Slumdog Millionaire,UK,55.3781,-3.4361
Speed Racer,USA,37.0902,-95.7129
Speed Racer,Australia,-25.2744,133.7751
Speed Racer,Germany,51.1657,10.4515
Stargate: The Ark of Truth,USA,37.0902,-95.7129
Stargate: The Ark of Truth,Canada,56.1304,-106.3468
Step Brothers,USA,37.0902,-95.7129
Sunshine Cleaning,USA,37.0902,-95.7129
"Synecdoche, New York",USA,37.0902,-95.7129
Taken,France,46.603354,1.888334
Taken,USA,37.0902,-95.7129
Taken,UK,55.3781,-3.4361
The Bank Job,UK,55.3781,-3.4361
The Bank Job,USA,37.0902,-95.7129
The Bank Job,Australia,-25.2744,133.7751
The Brothers Bloom,USA,37.0902,-95.7129
The Chronicles of Narnia: Prince Caspian,USA,37.0902,-95.7129
The Chronicles of Narnia: Prince Caspian,Poland,51.9194,19.1451
The Chronicles of Narnia: Prince Caspian,Slovenia,46.1512,14.9955
The Chronicles of Narnia: Prince Caspian,Czech Republic,49.8175,15.47296
The Curious Case of Benjamin Button,USA,37.0902,-95.7129
The Dark Knight,USA,37.0902,-95.7129
The Dark Knight,UK,55.3781,-3.4361
The Day the Earth Stood Still,USA,37.0902,-95.7129
The Day the Earth Stood Still,Canada,56.1304,-106.3468
The Eye,USA,37.0902,-95.7129
The Eye,Canada,56.1304,-106.3468
The Forbidden Kingdom,USA,37.0902,-95.7129
The Forbidden Kingdom,China,35.8617,104.1954
The House Bunny,USA,37.0902,-95.7129
The Hurt Locker,USA,37.0902,-95.7129
The Incredible Hulk,USA,37.0902,-95.7129
The Lucky Ones,USA,37.0902,-95.7129
The Other Boleyn Girl,UK,55.3781,-3.4361
The Other Boleyn Girl,USA,37.0902,-95.7129
The Reader,USA,37.0902,-95.7129
The Reader,Germany,51.1657,10.4515
The Secret Life of Bees,USA,37.0902,-95.7129
The Sisterhood of the Traveling Pants 2,USA,37.0902,-95.7129
The Sisterhood of the Traveling Pants 2,Greece,39.0742,21.8243
The Strangers,USA,37.0902,-95.7129
The Women,USA,37.0902,-95.7129
The Wrestler,USA,37.0902,-95.7129
The Wrestler,France,46.603354,1.888334
Three Kingdoms: Resurrection of the Dragon,China,35.8617,104.1954
Three Kingdoms: Resurrection of the Dragon,South Korea,35.9078,127.7669
Three Kingdoms: Resurrection of the Dragon,Hong Kong,22.3193,114.1694
Transsiberian,Spain,40.4637,-3.7492
Transsiberian,Germany,51.1657,10.4515
Transsiberian,UK,55.3781,-3.4361
Transsiberian,Lithuania,55.1694,23.8813
Tropic Thunder,USA,37.0902,-95.7129
Tropic Thunder,UK,55.3781,-3.4361
Tropic Thunder,Germany,51.1657,10.4515
Twilight,USA,37.0902,-95.7129
Valkyrie,USA,37.0902,-95.7129
Valkyrie,Germany,51.1657,10.4515
Vicky Cristina Barcelona,Spain,40.4637,-3.7492
Vicky Cristina Barcelona,USA,37.0902,-95.7129
Waltz with Bashir,Israel,31.0461,34.8516
Waltz with Bashir,France,46.603354,1.888334
Waltz with Bashir,Germany,51.1657,10.4515
Waltz with Bashir,USA,37.0902,-95.7129
Waltz with Bashir,Finland,61.9241,25.7482
Waltz with Bashir,Switzerland,46.8182,8.2275
Waltz with Bashir,Belgium,50.5039,4.4699
Waltz with Bashir,Australia,-25.2744,133.7751
Wanted,USA,37.0902,-95.7129
Wanted,Germany,51.1657,10.4515
"Welcome Home, Roscoe Jenkins",USA,37.0902,-95.7129
Wendy and Lucy,USA,37.0902,-95.7129
Yes Man,USA,37.0902,-95.7129
Yes Man,Australia,-25.2744,133.7751
[Rec],Spain,40.4637,-3.7492
1408,USA,37.0902,-95.7129
28 Weeks Later,UK,55.3781,-3.4361
28 Weeks Later,Spain,40.4637,-3.7492
3:10 to Yuma,USA,37.0902,-95.7129
30 Days of Night,USA,37.0902,-95.7129
30 Days of Night,New Zealand,-40.9006,174.886
88 Minutes,USA,37.0902,-95.7129
88 Minutes,Germany,51.1657,10.4515
88 Minutes,Canada,56.1304,-106.3468
Across the Universe,USA,37.0902,-95.7129
Across the Universe,UK,55.3781,-3.4361
Atonement,UK,55.3781,-3.4361
Atonement,France,46.603354,1.888334
Atonement,USA,37.0902,-95.7129
Becoming Jane,UK,55.3781,-3.4361
Becoming Jane,Ireland,53.1424,-7.6921
Beowulf,USA,37.0902,-95.7129
Blades of Glory,USA,37.0902,-95.7129
Bridge to Terabithia,USA,37.0902,-95.7129
Brooklyn Rules,USA,37.0902,-95.7129
Charlie Bartlett,USA,37.0902,-95.7129
Death at a Funeral,USA,37.0902,-95.7129
Death at a Funeral,Germany,51.1657,10.4515
Death at a Funeral,UK,55.3781,-3.4361
Death at a Funeral,Netherlands,52.1326,5.2913
Diary of the Dead,USA,37.0902,-95.7129
Disturbia,USA,37.0902,-95.7129
Eastern Promises,USA,37.0902,-95.7129
Eastern Promises,UK,55.3781,-3.4361
Eastern Promises,Canada,56.1304,-106.3468
Enchanted,USA,37.0902,-95.7129
Gone Baby Gone,USA,37.0902,-95.7129
Hairspray,USA,37.0902,-95.7129
Hairspray,UK,55.3781,-3.4361
Halloween,USA,37.0902,-95.7129
Hannibal Rising,UK,55.3781,-3.4361
Hannibal Rising,Czech Republic,49.8175,15.47296
Hannibal Rising,France,46.603354,1.888334
Hannibal Rising,Italy,41.8719,12.5674
Harry Potter and the Order of the Phoenix,UK,55.3781,-3.4361
Harry Potter and the Order of the Phoenix,USA,37.0902,-95.7129
Hitman,France,46.603354,1.888334
Hitman,USA,37.0902,-95.7129
Hostel: Part II,USA,37.0902,-95.7129
Hot Fuzz,UK,55.3781,-3.4361
Hot Fuzz,France,46.603354,1.888334
Hot Fuzz,USA,37.0902,-95.7129
Hot Rod,USA,37.0902,-95.7129
I Am Legend,USA,37.0902,-95.7129
Into the Wild,USA,37.0902,-95.7129
Juno,USA,37.0902,-95.7129
Knocked Up,USA,37.0902,-95.7129
Live Free or Die Hard,USA,37.0902,-95.7129
Live Free or Die Hard,UK,55.3781,-3.4361
Michael Clayton,USA,37.0902,-95.7129
Music and Lyrics,USA,37.0902,-95.7129
No Country for Old Men,USA,37.0902,-95.7129
No Reservations,USA,37.0902,-95.7129
No Reservations,Australia,-25.2744,133.7751
Paranormal Activity,USA,37.0902,-95.7129
Persepolis,France,46.603354,1.888334
Persepolis,USA,37.0902,-95.7129
Premonition,USA,37.0902,-95.7129
Ratatouille,USA,37.0902,-95.7129
Resident Evil: Extinction,France,46.603354,1.888334
Resident Evil: Extinction,Australia,-25.2744,133.7751
Resident Evil: Extinction,Germany,51.1657,10.4515
Resident Evil: Extinction,UK,55.3781,-3.4361
Resident Evil: Extinction,USA,37.0902,-95.7129
Shooter,USA,37.0902,-95.7129
Shrek the Third,USA,37.0902,-95.7129
Stardust,UK,55.3781,-3.4361
Stardust,USA,37.0902,-95.7129
Stardust,Iceland,64.9631,-19.0208
Sunshine,UK,55.3781,-3.4361
Sunshine,USA,37.0902,-95.7129
Superbad,USA,37.0902,-95.7129
Sydney White,USA,37.0902,-95.7129
Teeth,USA,37.0902,-95.7129
The Bucket List,USA,37.0902,-95.7129
The Golden Compass,USA,37.0902,-95.7129
The Golden Compass,UK,55.3781,-3.4361
The Kite Runner,USA,37.0902,-95.7129
The Kite Runner,China,35.8617,104.1954
The Man from Earth,USA,37.0902,-95.7129
The Messengers,USA,37.0902,-95.7129
The Mist,USA,37.0902,-95.7129
The Number 23,USA,37.0902,-95.7129
The Number 23,Germany,51.1657,10.4515
The Savages,USA,37.0902,-95.7129
The Signal,USA,37.0902,-95.7129
The Simpsons Movie,USA,37.0902,-95.7129
The Visitor,USA,37.0902,-95.7129
There Will Be Blood,USA,37.0902,-95.7129
TMNT,Hong Kong,22.3193,114.1694
TMNT,USA,37.0902,-95.7129
Transformers,USA,37.0902,-95.7129
Waitress,USA,37.0902,-95.7129
We Own the Night,USA,37.0902,-95.7129
White Noise 2: The Light,USA,37.0902,-95.7129
White Noise 2: The Light,Canada,56.1304,-106.3468
300,USA,37.0902,-95.7129
A Scanner Darkly,USA,37.0902,-95.7129
Akeelah and the Bee,USA,37.0902,-95.7129
Aquamarine,USA,37.0902,-95.7129
Aquamarine,Australia,-25.2744,133.7751
Bandidas,France,46.603354,1.888334
Bandidas,Mexico,23.6345,-102.5528
Bandidas,USA,37.0902,-95.7129
Black Christmas,USA,37.0902,-95.7129
Black Christmas,Canada,56.1304,-106.3468
Blood Diamond,USA,37.0902,-95.7129
Blood Diamond,Germany,51.1657,10.4515
Borat: Cultural Learnings of America for Make Benefit Glorious Nation of Kazakhstan,USA,37.0902,-95.7129
Bug,USA,37.0902,-95.7129
Bug,Germany,51.1657,10.4515
Cars,USA,37.0902,-95.7129
Casino Royale,UK,55.3781,-3.4361
Casino Royale,Czech Republic,49.8175,15.47296
Casino Royale,USA,37.0902,-95.7129
Casino Royale,Germany,51.1657,10.4515
Casino Royale,Bahamas,25.0343,-77.3963
Children of Men,USA,37.0902,-95.7129
Children of Men,UK,55.3781,-3.4361
Clerks II,USA,37.0902,-95.7129
Crank,USA,37.0902,-95.7129
DOA: Dead or Alive,USA,37.0902,-95.7129
DOA: Dead or Alive,Germany,51.1657,10.4515
DOA: Dead or Alive,UK,55.3781,-3.4361
Eragon,USA,37.0902,-95.7129
Eragon,UK,55.3781,-3.4361
Eragon,Hungary,47.1625,19.5033
Fido,Canada,56.1304,-106.3468
Final Destination 3,Germany,51.1657,10.4515
Final Destination 3,USA,37.0902,-95.7129
Final Destination 3,Canada,56.1304,-106.3468
Flushed Away,UK,55.3781,-3.4361
Flushed Away,USA,37.0902,-95.7129
For Your Consideration,USA,37.0902,-95.7129
Friends with Money,USA,37.0902,-95.7129
Ice Age: The Meltdown,USA,37.0902,-95.7129
Idlewild,USA,37.0902,-95.7129
Inside Man,USA,37.0902,-95.7129
Jackass Number Two,USA,37.0902,-95.7129
Lady in the Water,USA,37.0902,-95.7129
Last Holiday,USA,37.0902,-95.7129
Letters from Iwo Jima,USA,37.0902,-95.7129
Little Children,USA,37.0902,-95.7129
Little Miss Sunshine,USA,37.0902,-95.7129
Lucky Number Slevin,Germany,51.1657,10.4515
Lucky Number Slevin,USA,37.0902,-95.7129
Man of the Year,USA,37.0902,-95.7129
Marie Antoinette,USA,37.0902,-95.7129
Marie Antoinette,France,46.603354,1.888334
Marie Antoinette,Japan,36.2048,138.2529
Miss Potter,UK,55.3781,-3.4361
Miss Potter,USA,37.0902,-95.7129
Miss Potter,Isle Of Man,54.2361,-4.5481
Monster House,USA,37.0902,-95.7129
Nacho Libre,Germany,51.1657,10.4515
Nacho Libre,USA,37.0902,-95.7129
Night at the Museum,USA,37.0902,-95.7129
Night at the Museum,UK,55.3781,-3.4361
Notes on a Scandal,UK,55.3781,-3.4361
Once,Ireland,53.1424,-7.6921
Open Season,USA,37.0902,-95.7129
Perfume: The Story of a Murderer,Germany,51.1657,10.4515
Perfume: The Story of a Murderer,France,46.603354,1.888334
Perfume: The Story of a Murderer,Spain,40.4637,-3.7492
Perfume: The Story of a Murderer,USA,37.0902,-95.7129
Poseidon,USA,37.0902,-95.7129
Rang De Basanti,India,20.5937,78.9629
Running with Scissors,USA,37.0902,-95.7129
Sherrybaby,USA,37.0902,-95.7129
Shortbus,USA,37.0902,-95.7129
Silent Hill,Canada,56.1304,-106.3468
Silent Hill,France,46.603354,1.888334
Silent Hill,Japan,36.2048,138.2529
Silent Hill,USA,37.0902,-95.7129
Slither,Canada,56.1304,-106.3468
Slither,USA,37.0902,-95.7129
Snakes on a Plane,Germany,51.1657,10.4515
Snakes on a Plane,USA,37.0902,-95.7129
Snakes on a Plane,Canada,56.1304,-106.3468
Southland Tales,France,46.603354,1.888334
Southland Tales,Germany,51.1657,10.4515
Southland Tales,USA,37.0902,-95.7129
Stick It,Germany,51.1657,10.4515
Stick It,USA,37.0902,-95.7129
Stranger Than Fiction,USA,37.0902,-95.7129
Superman Returns,USA,37.0902,-95.7129
Take the Lead,USA,37.0902,-95.7129
The Ant Bully,USA,37.0902,-95.7129
The Da Vinci Code,USA,37.0902,-95.7129
The Da Vinci Code,Malta,35.9375,14.3754
The Da Vinci Code,France,46.603354,1.888334
The Da Vinci Code,UK,55.3781,-3.4361
The Dead Girl,USA,37.0902,-95.7129
The Departed,USA,37.0902,-95.7129
The Departed,Hong Kong,22.3193,114.1694
The Devil Wears Prada,USA,37.0902,-95.7129
The Fountain,USA,37.0902,-95.7129
The Fountain,Canada,56.1304,-106.3468
The Grudge 2,USA,37.0902,-95.7129
The Grudge 2,Japan,36.2048,138.2529
The History Boys,UK,55.3781,-3.4361
The Holiday,USA,37.0902,-95.7129
The Host,South Korea,35.9078,127.7669
The Illusionist,USA,37.0902,-95.7129
The Illusionist,Czech Republic,49.8175,15.47296
The Lake House,USA,37.0902,-95.7129
The Lake House,Australia,-25.2744,133.7751
The Painted Veil,China,35.8617,104.1954
The Painted Veil,USA,37.0902,-95.7129
The Painted Veil,Canada,56.1304,-106.3468
The Prestige,USA,37.0902,-95.7129
The Prestige,UK,55.3781,-3.4361
The Pursuit of Happyness,USA,37.0902,-95.7129
The Queen,UK,55.3781,-3.4361
The Queen,USA,37.0902,-95.7129
The Queen,France,46.603354,1.888334
The Queen,Italy,41.8719,12.5674
The Wind That Shakes the Barley,Ireland,53.1424,-7.6921
The Wind That Shakes the Barley,UK,55.3781,-3.4361
The Wind That Shakes the Barley,Germany,51.1657,10.4515
The Wind That Shakes the Barley,Italy,41.8719,12.5674
The Wind That Shakes the Barley,Spain,40.4637,-3.7492
The Wind That Shakes the Barley,France,46.603354,1.888334
The Wind That Shakes the Barley,Belgium,50.5039,4.4699
The Wind That Shakes the Barley,Switzerland,46.8182,8.2275
Ultraviolet,USA,37.0902,-95.7129
Volver,Spain,40.4637,-3.7492
We Are Marshall,USA,37.0902,-95.7129
When a Stranger Calls,USA,37.0902,-95.7129
Wristcutters: A Love Story,USA,37.0902,-95.7129
Wristcutters: A Love Story,UK,55.3781,-3.4361
X-Men: The Last Stand,Canada,56.1304,-106.3468
X-Men: The Last Stand,USA,37.0902,-95.7129
X-Men: The Last Stand,UK,55.3781,-3.4361
"You, Me and Dupree",USA,37.0902,-95.7129
Zoom,USA,37.0902,-95.7129
Assault on Precinct 13,USA,37.0902,-95.7129
Assault on Precinct 13,France,46.603354,1.888334
Batman Begins,USA,37.0902,-95.7129
Batman Begins,UK,55.3781,-3.4361
Beauty Shop,USA,37.0902,-95.7129
Bewitched,USA,37.0902,-95.7129
BloodRayne,USA,37.0902,-95.7129
BloodRayne,Germany,51.1657,10.4515
Boogeyman,USA,37.0902,-95.7129
Boogeyman,New Zealand,-40.9006,174.886
Boogeyman,Germany,51.1657,10.4515
Boynton Beach Club,USA,37.0902,-95.7129
Brick,USA,37.0902,-95.7129
Brokeback Mountain,USA,37.0902,-95.7129
Brokeback Mountain,Canada,56.1304,-106.3468
Capote,USA,37.0902,-95.7129
Capote,Canada,56.1304,-106.3468
Charlie and the Chocolate Factory,USA,37.0902,-95.7129
Charlie and the Chocolate Factory,UK,55.3781,-3.4361
Cinderella Man,USA,37.0902,-95.7129
Coach Carter,USA,37.0902,-95.7129
Coach Carter,Germany,51.1657,10.4515
Constantine,USA,37.0902,-95.7129
Constantine,Germany,51.1657,10.4515
Conversations with Other Women,UK,55.3781,-3.4361
Conversations with Other Women,USA,37.0902,-95.7129
Corpse Bride,UK,55.3781,-3.4361
Corpse Bride,USA,37.0902,-95.7129
Cursed,USA,37.0902,-95.7129
Cursed,Germany,51.1657,10.4515
Dark Water,USA,37.0902,-95.7129
Domino,France,46.603354,1.888334
Domino,USA,37.0902,-95.7129
Domino,UK,55.3781,-3.4361
Doom,UK,55.3781,-3.4361
Doom,Czech Republic,49.8175,15.47296
Doom,Germany,51.1657,10.4515
Doom,USA,37.0902,-95.7129
Fantastic Four,USA,37.0902,-95.7129
Fantastic Four,Germany,51.1657,10.4515
Flightplan,USA,37.0902,-95.7129
Fun with Dick and Jane,USA,37.0902,-95.7129
"Good Night, and Good Luck.",USA,37.0902,-95.7129
"Good Night, and Good Luck.",France,46.603354,1.888334
"Good Night, and Good Luck.",UK,55.3781,-3.4361
"Good Night, and Good Luck.",Japan,36.2048,138.2529
Hard Candy,USA,37.0902,-95.7129
Harry Potter and the Goblet of Fire,UK,55.3781,-3.4361
Harry Potter and the Goblet of Fire,USA,37.0902,-95.7129
Herbie Fully Loaded,USA,37.0902,-95.7129
Hide and Seek,USA,37.0902,-95.7129
Hide and Seek,Germany,51.1657,10.4515
Hitch,USA,37.0902,-95.7129
Hoodwinked!,USA,37.0902,-95.7129
Hostel,USA,37.0902,-95.7129
Ice Princess,USA,37.0902,-95.7129
Ice Princess,Canada,56.1304,-106.3468
Jarhead,Germany,51.1657,10.4515
Jarhead,USA,37.0902,-95.7129
Junebug,USA,37.0902,-95.7129
Just Like Heaven,USA,37.0902,-95.7129
King Kong,New Zealand,-40.9006,174.886
King Kong,USA,37.0902,-95.7129
King Kong,Germany,51.1657,10.4515
Kingdom of Heaven,USA,37.0902,-95.7129
Kingdom of Heaven,UK,55.3781,-3.4361
Kingdom of Heaven,Spain,40.4637,-3.7492
Kingdom of Heaven,Germany,51.1657,10.4515
Kingdom of Heaven,Morocco,31.7917,-7.0926
Kiss Kiss Bang Bang,USA,37.0902,-95.7129
Lord of War,France,46.603354,1.888334
Lord of War,USA,37.0902,-95.7129
Lord of War,Germany,51.1657,10.4515
Madagascar,USA,37.0902,-95.7129
Man of the House,USA,37.0902,-95.7129
Match Point,UK,55.3781,-3.4361
Match Point,Russia,61.524,105.3188
Match Point,Ireland,53.1424,-7.6921
Match Point,Luxembourg,49.8153,6.1296
Match Point,USA,37.0902,-95.7129
Me and You and Everyone We Know,USA,37.0902,-95.7129
Me and You and Everyone We Know,UK,55.3781,-3.4361
Memoirs of a Geisha,USA,37.0902,-95.7129
MirrorMask,UK,55.3781,-3.4361
MirrorMask,USA,37.0902,-95.7129
Munich,USA,37.0902,-95.7129
Munich,Canada,56.1304,-106.3468
Munich,France,46.603354,1.888334
North Country,USA,37.0902,-95.7129
Oliver Twist,UK,55.3781,-3.4361
Oliver Twist,Czech Republic,49.8175,15.47296
Oliver Twist,France,46.603354,1.888334
Oliver Twist,Italy,41.8719,12.5674
Proof,USA,37.0902,-95.7129
Red Eye,USA,37.0902,-95.7129
Rent,USA,37.0902,-95.7129
Robots,USA,37.0902,-95.7129
Saw II,USA,37.0902,-95.7129
Saw II,Canada,56.1304,-106.3468
Serenity,USA,37.0902,-95.7129
Shopgirl,USA,37.0902,-95.7129
Sin City,USA,37.0902,-95.7129
Sisters in Law,Cameroon, 7.3697,12.3547
Sisters in Law,UK,55.3781,-3.4361
Sky High,USA,37.0902,-95.7129
Son of the Mask,USA,37.0902,-95.7129
Son of the Mask,Germany,51.1657,10.4515
Star Wars: Episode III - Revenge of the Sith,USA,37.0902,-95.7129
Stealth,USA,37.0902,-95.7129
Strangers with Candy,USA,37.0902,-95.7129
Thank You for Smoking,USA,37.0902,-95.7129
The Adventures of Sharkboy and Lavagirl 3-D,USA,37.0902,-95.7129
The Amityville Horror,USA,37.0902,-95.7129
The Ballad of Jack and Rose,USA,37.0902,-95.7129
"The Chronicles of Narnia: The Lion, the Witch and the Wardrobe",USA,37.0902,-95.7129
"The Chronicles of Narnia: The Lion, the Witch and the Wardrobe",UK,55.3781,-3.4361
The Constant Gardener,UK,55.3781,-3.4361
The Constant Gardener,Germany,51.1657,10.4515
The Constant Gardener,USA,37.0902,-95.7129
The Constant Gardener,China,35.8617,104.1954
The Descent,UK,55.3781,-3.4361
The Exorcism of Emily Rose,USA,37.0902,-95.7129
The Fog,USA,37.0902,-95.7129
The Island,USA,37.0902,-95.7129
The Jacket,USA,37.0902,-95.7129
The Jacket,Germany,51.1657,10.4515
The Legend of Zorro,USA,37.0902,-95.7129
The New World,USA,37.0902,-95.7129
The New World,UK,55.3781,-3.4361
The Ring Two,USA,37.0902,-95.7129
The Skeleton Key,USA,37.0902,-95.7129
The Skeleton Key,Germany,51.1657,10.4515
The Squid and the Whale,USA,37.0902,-95.7129
The Wedding Date,USA,37.0902,-95.7129
Transamerica,USA,37.0902,-95.7129
Tristram Shandy: A Cock and Bull Story,UK,55.3781,-3.4361
V for Vendetta,USA,37.0902,-95.7129
V for Vendetta,UK,55.3781,-3.4361
V for Vendetta,Germany,51.1657,10.4515
Waiting...,USA,37.0902,-95.7129
Walk the Line,USA,37.0902,-95.7129
Walk the Line,Germany,51.1657,10.4515
War of the Worlds,USA,37.0902,-95.7129
Water,Canada,56.1304,-106.3468
Water,India,20.5937,78.9629
White Noise,UK,55.3781,-3.4361
White Noise,Canada,56.1304,-106.3468
White Noise,USA,37.0902,-95.7129
Zathura: A Space Adventure,USA,37.0902,-95.7129
13 Going on 30,USA,37.0902,-95.7129
2046,Hong Kong,22.3193,114.1694
2046,China,35.8617,104.1954
2046,France,46.603354,1.888334
2046,Italy,41.8719,12.5674
2046,Germany,51.1657,10.4515
50 First Dates,USA,37.0902,-95.7129
A Cinderella Story,USA,37.0902,-95.7129
A Cinderella Story,Canada,56.1304,-106.3468
A Very Long Engagement,France,46.603354,1.888334
A Very Long Engagement,USA,37.0902,-95.7129
Anchorman: The Legend of Ron Burgundy,USA,37.0902,-95.7129
Around the World in 80 Days,USA,37.0902,-95.7129
Around the World in 80 Days,Germany,51.1657,10.4515
Around the World in 80 Days,Ireland,53.1424,-7.6921
Around the World in 80 Days,UK,55.3781,-3.4361
AVP: Alien vs. Predator,USA,37.0902,-95.7129
AVP: Alien vs. Predator,UK,55.3781,-3.4361
AVP: Alien vs. Predator,Czech Republic,49.8175,15.47296
AVP: Alien vs. Predator,Canada,56.1304,-106.3468
AVP: Alien vs. Predator,Germany,51.1657,10.4515
Before Sunset,USA,37.0902,-95.7129
Bridget Jones: The Edge of Reason,UK,55.3781,-3.4361
Bridget Jones: The Edge of Reason,France,46.603354,1.888334
Bridget Jones: The Edge of Reason,Germany,51.1657,10.4515
Bridget Jones: The Edge of Reason,Ireland,53.1424,-7.6921
Bridget Jones: The Edge of Reason,USA,37.0902,-95.7129
Catwoman,USA,37.0902,-95.7129
Cellular,USA,37.0902,-95.7129
Cellular,Germany,51.1657,10.4515
Closer,USA,37.0902,-95.7129
Closer,UK,55.3781,-3.4361
Collateral,USA,37.0902,-95.7129
Connie and Carla,USA,37.0902,-95.7129
Crash,USA,37.0902,-95.7129
Crash,Germany,51.1657,10.4515
D.E.B.S.,USA,37.0902,-95.7129
Dawn of the Dead,USA,37.0902,-95.7129
Dawn of the Dead,Canada,56.1304,-106.3468
Dawn of the Dead,Japan,36.2048,138.2529
Dawn of the Dead,France,46.603354,1.888334
Dodgeball: A True Underdog Story,USA,37.0902,-95.7129
Dodgeball: A True Underdog Story,Germany,51.1657,10.4515
Ella Enchanted,USA,37.0902,-95.7129
Ella Enchanted,Ireland,53.1424,-7.6921
Ella Enchanted,UK,55.3781,-3.4361
Eternal Sunshine of the Spotless Mind,USA,37.0902,-95.7129
Eulogy,USA,37.0902,-95.7129
Eulogy,UK,55.3781,-3.4361
Eulogy,Germany,51.1657,10.4515
Finding Neverland,USA,37.0902,-95.7129
Finding Neverland,UK,55.3781,-3.4361
Flight of the Phoenix,USA,37.0902,-95.7129
Garden State,USA,37.0902,-95.7129
Hellboy,USA,37.0902,-95.7129
Home on the Range,USA,37.0902,-95.7129
I Heart Huckabees,USA,37.0902,-95.7129
I Heart Huckabees,UK,55.3781,-3.4361
I Heart Huckabees,Germany,51.1657,10.4515
"I, Robot",USA,37.0902,-95.7129
"I, Robot",Germany,51.1657,10.4515
In Good Company,USA,37.0902,-95.7129
Kinsey,USA,37.0902,-95.7129
Kinsey,Germany,51.1657,10.4515
Kung Fu Hustle,Hong Kong,22.3193,114.1694
Kung Fu Hustle,China,35.8617,104.1954
Layer Cake,UK,55.3781,-3.4361
Maria Full of Grace,Colombia,4.5709,-74.2973
Maria Full of Grace,USA,37.0902,-95.7129
Maria Full of Grace,Ecuador,-1.8312,-78.1834
Mean Girls,USA,37.0902,-95.7129
Mean Girls,Canada,56.1304,-106.3468
Million Dollar Baby,USA,37.0902,-95.7129
Miracle,USA,37.0902,-95.7129
My Summer of Love,UK,55.3781,-3.4361
Napoleon Dynamite,USA,37.0902,-95.7129
New York Minute,USA,37.0902,-95.7129
Primer,USA,37.0902,-95.7129
Raising Helen,USA,37.0902,-95.7129
Ray,USA,37.0902,-95.7129
Resident Evil: Apocalypse,Germany,51.1657,10.4515
Resident Evil: Apocalypse,France,46.603354,1.888334
Resident Evil: Apocalypse,UK,55.3781,-3.4361
Resident Evil: Apocalypse,Canada,56.1304,-106.3468
Resident Evil: Apocalypse,USA,37.0902,-95.7129
Saved!,USA,37.0902,-95.7129
Saved!,Canada,56.1304,-106.3468
Saw,USA,37.0902,-95.7129
Saw,Australia,-25.2744,133.7751
Secret Window,USA,37.0902,-95.7129
Shark Tale,USA,37.0902,-95.7129
Shaun of the Dead,UK,55.3781,-3.4361
Shaun of the Dead,France,46.603354,1.888334
Shaun of the Dead,USA,37.0902,-95.7129
Shrek 2,USA,37.0902,-95.7129
Sideways,USA,37.0902,-95.7129
Sky Captain and the World of Tomorrow,USA,37.0902,-95.7129
Sky Captain and the World of Tomorrow,UK,55.3781,-3.4361
Sky Captain and the World of Tomorrow,Italy,41.8719,12.5674
Spanglish,USA,37.0902,-95.7129
Spider-Man 2,USA,37.0902,-95.7129
Team America: World Police,USA,37.0902,-95.7129
Team America: World Police,Germany,51.1657,10.4515
The Aviator,USA,37.0902,-95.7129
The Aviator,Germany,51.1657,10.4515
The Bourne Supremacy,USA,37.0902,-95.7129
The Bourne Supremacy,Germany,51.1657,10.4515
The Butterfly Effect,USA,37.0902,-95.7129
The Butterfly Effect,Canada,56.1304,-106.3468
The Chronicles of Riddick,USA,37.0902,-95.7129
The Day After Tomorrow,USA,37.0902,-95.7129
The Grudge,USA,37.0902,-95.7129
The Grudge,Japan,36.2048,138.2529
The Incredibles,USA,37.0902,-95.7129
The Life Aquatic with Steve Zissou,USA,37.0902,-95.7129
The Notebook,USA,37.0902,-95.7129
The Phantom of the Opera,UK,55.3781,-3.4361
The Phantom of the Opera,USA,37.0902,-95.7129
The Polar Express,USA,37.0902,-95.7129
The Princess Diaries 2: Royal Engagement,USA,37.0902,-95.7129
The Stepford Wives,USA,37.0902,-95.7129
The Terminal,USA,37.0902,-95.7129
The Village,USA,37.0902,-95.7129
The Whole Ten Yards,USA,37.0902,-95.7129
Troy,USA,37.0902,-95.7129
Troy,Malta,35.9375,14.3754
Troy,UK,55.3781,-3.4361
Van Helsing,USA,37.0902,-95.7129
Van Helsing,Czech Republic,49.8175,15.47296
Vera Drake,UK,55.3781,-3.4361
Vera Drake,France,46.603354,1.888334
White Chicks,USA,37.0902,-95.7129
Wimbledon,UK,55.3781,-3.4361
Wimbledon,France,46.603354,1.888334
Wimbledon,USA,37.0902,-95.7129
2 Fast 2 Furious,USA,37.0902,-95.7129
2 Fast 2 Furious,Germany,51.1657,10.4515
Big Fish,USA,37.0902,-95.7129
Bon voyage,France,46.603354,1.888334
Bruce Almighty,USA,37.0902,-95.7129
Cold Mountain,USA,37.0902,-95.7129
Cold Mountain,UK,55.3781,-3.4361
Cold Mountain,Romania,45.9432,24.9668
Cold Mountain,Italy,41.8719,12.5674
Cradle 2 the Grave,USA,37.0902,-95.7129
Daddy Day Care,USA,37.0902,-95.7129
Daredevil,USA,37.0902,-95.7129
Darkness Falls,USA,37.0902,-95.7129
Darkness Falls,Australia,-25.2744,133.7751
Dreamcatcher,USA,37.0902,-95.7129
Dreamcatcher,Australia,-25.2744,133.7751
Final Destination 2,USA,37.0902,-95.7129
Final Destination 2,Canada,56.1304,-106.3468
Finding Nemo,USA,37.0902,-95.7129
Freaky Friday,USA,37.0902,-95.7129
Girl with a Pearl Earring,UK,55.3781,-3.4361
Girl with a Pearl Earring,Luxembourg,49.8153,6.1296
Holes,USA,37.0902,-95.7129
Hollywood Homicide,USA,37.0902,-95.7129
House of Sand and Fog,USA,37.0902,-95.7129
How to Lose a Guy in 10 Days,USA,37.0902,-95.7129
How to Lose a Guy in 10 Days,Germany,51.1657,10.4515
Hulk,USA,37.0902,-95.7129
Identity,USA,37.0902,-95.7129
In the Cut,Australia,-25.2744,133.7751
In the Cut,USA,37.0902,-95.7129
In the Cut,UK,55.3781,-3.4361
Jeepers Creepers II,USA,37.0902,-95.7129
Kill Bill: Vol. 1,USA,37.0902,-95.7129
Lara Croft Tomb Raider: The Cradle of Life,USA,37.0902,-95.7129
Lara Croft Tomb Raider: The Cradle of Life,Germany,51.1657,10.4515
Lara Croft Tomb Raider: The Cradle of Life,Japan,36.2048,138.2529
Lara Croft Tomb Raider: The Cradle of Life,UK,55.3781,-3.4361
Love Actually,UK,55.3781,-3.4361
Love Actually,USA,37.0902,-95.7129
Love Actually,France,46.603354,1.888334
Master and Commander: The Far Side of the World,USA,37.0902,-95.7129
Mona Lisa Smile,USA,37.0902,-95.7129
Monster,USA,37.0902,-95.7129
Monster,Germany,51.1657,10.4515
Mystic River,USA,37.0902,-95.7129
Mystic River,Australia,-25.2744,133.7751
Peter Pan,Australia,-25.2744,133.7751
Peter Pan,USA,37.0902,-95.7129
Peter Pan,UK,55.3781,-3.4361
Pirates of the Caribbean: The Curse of the Black Pearl,USA,37.0902,-95.7129
Pride and Prejudice,USA,37.0902,-95.7129
S.W.A.T.,USA,37.0902,-95.7129
Scary Movie 3,USA,37.0902,-95.7129
Scary Movie 3,Canada,56.1304,-106.3468
Secondhand Lions,USA,37.0902,-95.7129
Shanghai Knights,USA,37.0902,-95.7129
Shanghai Knights,Hong Kong,22.3193,114.1694
Shattered Glass,USA,37.0902,-95.7129
Shattered Glass,Canada,56.1304,-106.3468
Sinbad: Legend of the Seven Seas,USA,37.0902,-95.7129
Spy Kids 3-D: Game Over,USA,37.0902,-95.7129
Swimming Pool,France,46.603354,1.888334
Swimming Pool,UK,55.3781,-3.4361
Terminator 3: Rise of the Machines,USA,37.0902,-95.7129
Terminator 3: Rise of the Machines,Germany,51.1657,10.4515
Terminator 3: Rise of the Machines,UK,55.3781,-3.4361
The Core,USA,37.0902,-95.7129
The Core,Germany,51.1657,10.4515
The Core,Canada,56.1304,-106.3468
The Italian Job,USA,37.0902,-95.7129
The Italian Job,France,46.603354,1.888334
The Italian Job,UK,55.3781,-3.4361
The Jungle Book 2,USA,37.0902,-95.7129
The Jungle Book 2,Australia,-25.2744,133.7751
The Last Samurai,USA,37.0902,-95.7129
The Last Samurai,New Zealand,-40.9006,174.886
The Last Samurai,Japan,36.2048,138.2529
The League of Extraordinary Gentlemen,USA,37.0902,-95.7129
The League of Extraordinary Gentlemen,Germany,51.1657,10.4515
The League of Extraordinary Gentlemen,Czech Republic,49.8175,15.47296
The League of Extraordinary Gentlemen,UK,55.3781,-3.4361
The Lord of the Rings: The Return of the King,USA,37.0902,-95.7129
The Lord of the Rings: The Return of the King,New Zealand,-40.9006,174.886
The Matrix Reloaded,USA,37.0902,-95.7129
The Matrix Reloaded,Australia,-25.2744,133.7751
The Matrix Revolutions,Australia,-25.2744,133.7751
The Matrix Revolutions,USA,37.0902,-95.7129
The Missing,USA,37.0902,-95.7129
Thirteen,USA,37.0902,-95.7129
Timeline,USA,37.0902,-95.7129
Undead,Australia,-25.2744,133.7751
Underworld,UK,55.3781,-3.4361
Underworld,Germany,51.1657,10.4515
Underworld,Hungary,47.1625,19.5033
Underworld,USA,37.0902,-95.7129
Wrong Turn,USA,37.0902,-95.7129
Wrong Turn,Germany,51.1657,10.4515
25th Hour,USA,37.0902,-95.7129
28 Days Later...,UK,55.3781,-3.4361
8 Mile,USA,37.0902,-95.7129
8 Mile,Germany,51.1657,10.4515
About Schmidt,USA,37.0902,-95.7129
All or Nothing,UK,55.3781,-3.4361
All or Nothing,France,46.603354,1.888334
Antwone Fisher,USA,37.0902,-95.7129
Austin Powers in Goldmember,USA,37.0902,-95.7129
Bend It Like Beckham,UK,55.3781,-3.4361
Bend It Like Beckham,Germany,51.1657,10.4515
Bend It Like Beckham,USA,37.0902,-95.7129
Blade II,USA,37.0902,-95.7129
Blade II,Germany,51.1657,10.4515
Blue Crush,USA,37.0902,-95.7129
Blue Crush,Germany,51.1657,10.4515
Cabin Fever,USA,37.0902,-95.7129
Carrie,USA,37.0902,-95.7129
Catch Me If You Can,USA,37.0902,-95.7129
Catch Me If You Can,Canada,56.1304,-106.3468
Chicago,USA,37.0902,-95.7129
Chicago,Germany,51.1657,10.4515
Chicago,Canada,56.1304,-106.3468
Crossroads,USA,37.0902,-95.7129
Death to Smoochy,USA,37.0902,-95.7129
Death to Smoochy,UK,55.3781,-3.4361
Death to Smoochy,Germany,51.1657,10.4515
Die Another Day,UK,55.3781,-3.4361
Die Another Day,USA,37.0902,-95.7129
Drumline,USA,37.0902,-95.7129
Equilibrium,USA,37.0902,-95.7129
Far from Heaven,USA,37.0902,-95.7129
Far from Heaven,France,46.603354,1.888334
Frida,USA,37.0902,-95.7129
Frida,Canada,56.1304,-106.3468
Frida,Mexico,23.6345,-102.5528
Funny Ha Ha,USA,37.0902,-95.7129
Gangs of New York,USA,37.0902,-95.7129
Gangs of New York,Italy,41.8719,12.5674
Gerry,USA,37.0902,-95.7129
Harry Potter and the Chamber of Secrets,USA,37.0902,-95.7129
Harry Potter and the Chamber of Secrets,UK,55.3781,-3.4361
Harry Potter and the Chamber of Secrets,Germany,51.1657,10.4515
High Crimes,USA,37.0902,-95.7129
I Spy,USA,37.0902,-95.7129
Ice Age,USA,37.0902,-95.7129
Igby Goes Down,USA,37.0902,-95.7129
Insomnia,USA,37.0902,-95.7129
Insomnia,Canada,56.1304,-106.3468
Maid in Manhattan,USA,37.0902,-95.7129
May,USA,37.0902,-95.7129
Men in Black II,USA,37.0902,-95.7129
Minority Report,USA,37.0902,-95.7129
My Big Fat Greek Wedding,USA,37.0902,-95.7129
My Big Fat Greek Wedding,Canada,56.1304,-106.3468
Panic Room,USA,37.0902,-95.7129
Phone Booth,USA,37.0902,-95.7129
Queen of the Damned,USA,37.0902,-95.7129
Queen of the Damned,Australia,-25.2744,133.7751
Rabbit-Proof Fence,Australia,-25.2744,133.7751
Real Women Have Curves,USA,37.0902,-95.7129
Red Dragon,USA,37.0902,-95.7129
Red Dragon,Germany,51.1657,10.4515
Reign of Fire,UK,55.3781,-3.4361
Reign of Fire,Ireland,53.1424,-7.6921
Reign of Fire,USA,37.0902,-95.7129
Resident Evil,UK,55.3781,-3.4361
Resident Evil,Germany,51.1657,10.4515
Resident Evil,France,46.603354,1.888334
Resident Evil,USA,37.0902,-95.7129
Scooby-Doo,USA,37.0902,-95.7129
Scooby-Doo,Australia,-25.2744,133.7751
Signs,USA,37.0902,-95.7129
Snow Dogs,Canada,56.1304,-106.3468
Snow Dogs,USA,37.0902,-95.7129
Solaris,USA,37.0902,-95.7129
Spider-Man,USA,37.0902,-95.7129
Spirit: Stallion of the Cimarron,USA,37.0902,-95.7129
Spun,USA,37.0902,-95.7129
Spy Kids 2: Island of Lost Dreams,USA,37.0902,-95.7129
Star Trek: Nemesis,USA,37.0902,-95.7129
Star Wars: Episode II - Attack of the Clones,USA,37.0902,-95.7129
The Adventures of Pluto Nash,USA,37.0902,-95.7129
The Adventures of Pluto Nash,Australia,-25.2744,133.7751
The Banger Sisters,USA,37.0902,-95.7129
The Bourne Identity,USA,37.0902,-95.7129
The Bourne Identity,Germany,51.1657,10.4515
The Bourne Identity,Czech Republic,49.8175,15.47296
The Dangerous Lives of Altar Boys,USA,37.0902,-95.7129
The Good Girl,USA,37.0902,-95.7129
The Good Girl,Germany,51.1657,10.4515
The Good Girl,Netherlands,52.1326,5.2913
The Hours,USA,37.0902,-95.7129
The Hours,UK,55.3781,-3.4361
The Importance of Being Earnest,UK,55.3781,-3.4361
The Importance of Being Earnest,USA,37.0902,-95.7129
The Lord of the Rings: The Two Towers,USA,37.0902,-95.7129
The Lord of the Rings: The Two Towers,New Zealand,-40.9006,174.886
The Powerpuff Girls,USA,37.0902,-95.7129
The Quiet American,Germany,51.1657,10.4515
The Quiet American,USA,37.0902,-95.7129
The Quiet American,UK,55.3781,-3.4361
The Quiet American,Australia,-25.2744,133.7751
The Quiet American,France,46.603354,1.888334
The Ring,USA,37.0902,-95.7129
The Ring,Japan,36.2048,138.2529
The Rules of Attraction,USA,37.0902,-95.7129
The Rules of Attraction,Germany,51.1657,10.4515
The Santa Clause 2,USA,37.0902,-95.7129
The Sweetest Thing,USA,37.0902,-95.7129
The Transporter,France,46.603354,1.888334
The Transporter,USA,37.0902,-95.7129
The Tuxedo,USA,37.0902,-95.7129
Treasure Planet,USA,37.0902,-95.7129
Tuck Everlasting,USA,37.0902,-95.7129
Two Weeks Notice,USA,37.0902,-95.7129
Two Weeks Notice,Australia,-25.2744,133.7751
We Were Soldiers,USA,37.0902,-95.7129
We Were Soldiers,Germany,51.1657,10.4515
Whale Rider,New Zealand,-40.9006,174.886
Whale Rider,Germany,51.1657,10.4515
White Oleander,USA,37.0902,-95.7129
xXx,USA,37.0902,-95.7129
A Beautiful Mind,USA,37.0902,-95.7129
American Outlaws,USA,37.0902,-95.7129
Antitrust,USA,37.0902,-95.7129
Atlantis: The Lost Empire,USA,37.0902,-95.7129
Black Hawk Down,USA,37.0902,-95.7129
Black Hawk Down,UK,55.3781,-3.4361
Blow,USA,37.0902,-95.7129
Donnie Darko,USA,37.0902,-95.7129
Dr. Dolittle 2,USA,37.0902,-95.7129
Evolution,USA,37.0902,-95.7129
From Hell,USA,37.0902,-95.7129
Ghost World,USA,37.0902,-95.7129
Ghost World,UK,55.3781,-3.4361
Ghost World,Germany,51.1657,10.4515
Gosford Park,UK,55.3781,-3.4361
Gosford Park,USA,37.0902,-95.7129
Gosford Park,Italy,41.8719,12.5674
Hannibal,UK,55.3781,-3.4361
Hannibal,USA,37.0902,-95.7129
Hedwig and the Angry Inch,USA,37.0902,-95.7129
High Heels and Low Lifes,UK,55.3781,-3.4361
High Heels and Low Lifes,USA,37.0902,-95.7129
Impostor,USA,37.0902,-95.7129
Jason X,USA,37.0902,-95.7129
Jay and Silent Bob Strike Back,USA,37.0902,-95.7129
Jeepers Creepers,Germany,51.1657,10.4515
Jeepers Creepers,USA,37.0902,-95.7129
Josie and the Pussycats,Canada,56.1304,-106.3468
Josie and the Pussycats,USA,37.0902,-95.7129
Kiss of the Dragon,France,46.603354,1.888334
Kiss of the Dragon,USA,37.0902,-95.7129
Kissing Jessica Stein,USA,37.0902,-95.7129
L.I.E.,USA,37.0902,-95.7129
Lara Croft: Tomb Raider,USA,37.0902,-95.7129
Lara Croft: Tomb Raider,UK,55.3781,-3.4361
Lara Croft: Tomb Raider,Japan,36.2048,138.2529
Lara Croft: Tomb Raider,Germany,51.1657,10.4515
Legally Blonde,USA,37.0902,-95.7129
Monkeybone,USA,37.0902,-95.7129
Monsoon Wedding,India,20.5937,78.9629
Monsoon Wedding,USA,37.0902,-95.7129
Monsoon Wedding,Italy,41.8719,12.5674
Monsoon Wedding,Germany,51.1657,10.4515
Monsoon Wedding,France,46.603354,1.888334
"Monsters, Inc.",USA,37.0902,-95.7129
Moulin Rouge!,USA,37.0902,-95.7129
Moulin Rouge!,Australia,-25.2744,133.7751
Nowhere in Africa,Germany,51.1657,10.4515
Osmosis Jones,USA,37.0902,-95.7129
Pearl Harbor,USA,37.0902,-95.7129
Save the Last Dance,USA,37.0902,-95.7129
Shallow Hal,USA,37.0902,-95.7129
Shallow Hal,Germany,51.1657,10.4515
Shaolin Soccer,Hong Kong,22.3193,114.1694
Shaolin Soccer,China,35.8617,104.1954
Shrek,USA,37.0902,-95.7129
Someone Like You...,USA,37.0902,-95.7129
Spy Kids,USA,37.0902,-95.7129
Super Troopers,USA,37.0902,-95.7129
The Fast and the Furious,USA,37.0902,-95.7129
The Fast and the Furious,Germany,51.1657,10.4515
The Glass House,USA,37.0902,-95.7129
The Legend of Suriyothai,Thailand,,
The Lord of the Rings: The Fellowship of the Ring,New Zealand,-40.9006,174.886
The Lord of the Rings: The Fellowship of the Ring,USA,37.0902,-95.7129
The Majestic,USA,37.0902,-95.7129
The Majestic,Australia,-25.2744,133.7751
The One,USA,37.0902,-95.7129
The Others,USA,37.0902,-95.7129
The Others,Spain,40.4637,-3.7492
The Others,France,46.603354,1.888334
The Others,Italy,41.8719,12.5674
The Princess Diaries,USA,37.0902,-95.7129
The Royal Tenenbaums,USA,37.0902,-95.7129
The Wedding Planner,Germany,51.1657,10.4515
The Wedding Planner,USA,37.0902,-95.7129
Thir13en Ghosts,USA,37.0902,-95.7129
Thir13en Ghosts,Canada,56.1304,-106.3468
Training Day,USA,37.0902,-95.7129
Training Day,Australia,-25.2744,133.7751
Valentine,USA,37.0902,-95.7129
Vanilla Sky,USA,37.0902,-95.7129
Vanilla Sky,Spain,40.4637,-3.7492
Zoolander,USA,37.0902,-95.7129
Zoolander,Australia,-25.2744,133.7751
Zoolander,Germany,51.1657,10.4515
28 Days,USA,37.0902,-95.7129
Almost Famous,USA,37.0902,-95.7129
American Psycho,USA,37.0902,-95.7129
Beautiful Creatures,UK,55.3781,-3.4361
Best in Show,USA,37.0902,-95.7129
Billy Elliot,UK,55.3781,-3.4361
Billy Elliot,France,46.603354,1.888334
Boiler Room,USA,37.0902,-95.7129
Bring It On,USA,37.0902,-95.7129
Cast Away,USA,37.0902,-95.7129
Center Stage,USA,37.0902,-95.7129
Chicken Run,UK,55.3781,-3.4361
Chicken Run,USA,37.0902,-95.7129
Chocolat,UK,55.3781,-3.4361
Chocolat,USA,37.0902,-95.7129
Coyote Ugly,USA,37.0902,-95.7129
Dancer in the Dark,Spain,40.4637,-3.7492
Dancer in the Dark,Argentina,-38.4161,-63.6167
Dancer in the Dark,Denmark,56.2639,9.5018
Dancer in the Dark,Germany,51.1657,10.4515
Dancer in the Dark,Netherlands,52.1326,5.2913
Dancer in the Dark,Italy,41.8719,12.5674
Dancer in the Dark,USA,37.0902,-95.7129
Dancer in the Dark,UK,55.3781,-3.4361
Dancer in the Dark,France,46.603354,1.888334
Dancer in the Dark,Sweden,60.1282,18.6435
Dancer in the Dark,Finland,61.9241,25.7482
Dancer in the Dark,Iceland,64.9631,-19.0208
Dancer in the Dark,Norway,60.472,8.4689
Dune,USA,37.0902,-95.7129
Dune,Canada,56.1304,-106.3468
Dune,Germany,51.1657,10.4515
Dune,Italy,41.8719,12.5674
Erin Brockovich,USA,37.0902,-95.7129
Final Destination,USA,37.0902,-95.7129
Final Destination,Canada,56.1304,-106.3468
Gladiator,USA,37.0902,-95.7129
Gladiator,UK,55.3781,-3.4361
Gone in Sixty Seconds,USA,37.0902,-95.7129
High Fidelity,UK,55.3781,-3.4361
High Fidelity,USA,37.0902,-95.7129
Hollow Man,USA,37.0902,-95.7129
Hollow Man,Germany,51.1657,10.4515
Little Nicky,USA,37.0902,-95.7129
Meet the Parents,USA,37.0902,-95.7129
Memento,USA,37.0902,-95.7129
Miss Congeniality,USA,37.0902,-95.7129
Miss Congeniality,Australia,-25.2744,133.7751
Mission to Mars,USA,37.0902,-95.7129
"O Brother, Where Art Thou?",UK,55.3781,-3.4361
"O Brother, Where Art Thou?",France,46.603354,1.888334
"O Brother, Where Art Thou?",USA,37.0902,-95.7129
Pitch Black,USA,37.0902,-95.7129
Red Planet,USA,37.0902,-95.7129
Red Planet,Australia,-25.2744,133.7751
Remember the Titans,USA,37.0902,-95.7129
Requiem for a Dream,USA,37.0902,-95.7129
Return to Me,USA,37.0902,-95.7129
Romeo Must Die,USA,37.0902,-95.7129
Saving Grace,UK,55.3781,-3.4361
Scream 3,USA,37.0902,-95.7129
Sexy Beast,UK,55.3781,-3.4361
Sexy Beast,Spain,40.4637,-3.7492
Shanghai Noon,USA,37.0902,-95.7129
Shanghai Noon,Hong Kong,22.3193,114.1694
Snatch.,UK,55.3781,-3.4361
Snatch.,USA,37.0902,-95.7129
Songcatcher,USA,37.0902,-95.7129
The Beach,USA,37.0902,-95.7129
The Beach,UK,55.3781,-3.4361
The Cell,USA,37.0902,-95.7129
The Cell,Germany,51.1657,10.4515
The Gift,USA,37.0902,-95.7129
The Patriot,Germany,51.1657,10.4515
The Patriot,USA,37.0902,-95.7129
The Road to El Dorado,USA,37.0902,-95.7129
The Way of the Gun,USA,37.0902,-95.7129
The Whole Nine Yards,USA,37.0902,-95.7129
Titan A.E.,USA,37.0902,-95.7129
Unbreakable,USA,37.0902,-95.7129
Urbania,USA,37.0902,-95.7129
Vertical Limit,USA,37.0902,-95.7129
Vertical Limit,Germany,51.1657,10.4515
What Lies Beneath,USA,37.0902,-95.7129
What Women Want,USA,37.0902,-95.7129
Where the Heart Is,USA,37.0902,-95.7129
X-Men,USA,37.0902,-95.7129
10 Things I Hate About You,USA,37.0902,-95.7129
8MM,USA,37.0902,-95.7129
8MM,Germany,51.1657,10.4515
American Beauty,USA,37.0902,-95.7129
American Pie,USA,37.0902,-95.7129
Analyze This,USA,37.0902,-95.7129
Analyze This,Australia,-25.2744,133.7751
Anna and the King,USA,37.0902,-95.7129
Anywhere But Here,USA,37.0902,-95.7129
Austin Powers: The Spy Who Shagged Me,USA,37.0902,-95.7129
Being John Malkovich,USA,37.0902,-95.7129
Black and White,USA,37.0902,-95.7129
Blue Streak,USA,37.0902,-95.7129
Blue Streak,Germany,51.1657,10.4515
Cruel Intentions,USA,37.0902,-95.7129
Dick,France,46.603354,1.888334
Dick,Canada,56.1304,-106.3468
Dick,USA,37.0902,-95.7129
Dogma,USA,37.0902,-95.7129
Drop Dead Gorgeous,USA,37.0902,-95.7129
Drop Dead Gorgeous,Germany,51.1657,10.4515
Election,USA,37.0902,-95.7129
Eyes Wide Shut,UK,55.3781,-3.4361
Eyes Wide Shut,USA,37.0902,-95.7129
Fight Club,USA,37.0902,-95.7129
Fight Club,Germany,51.1657,10.4515
Flawless,USA,37.0902,-95.7129
For Love of the Game,USA,37.0902,-95.7129
Galaxy Quest,USA,37.0902,-95.7129
"Girl, Interrupted",USA,37.0902,-95.7129
"Girl, Interrupted",Germany,51.1657,10.4515
Jawbreaker,USA,37.0902,-95.7129
Magnolia,USA,37.0902,-95.7129
Mystery Men,USA,37.0902,-95.7129
Notting Hill,UK,55.3781,-3.4361
Notting Hill,USA,37.0902,-95.7129
Office Space,USA,37.0902,-95.7129
Payback,USA,37.0902,-95.7129
Ravenous,Czech Republic,49.8175,15.47296
Ravenous,UK,55.3781,-3.4361
Ravenous,USA,37.0902,-95.7129
Sleepy Hollow,USA,37.0902,-95.7129
Sleepy Hollow,Germany,51.1657,10.4515
Star Wars: Episode I - The Phantom Menace,USA,37.0902,-95.7129
Stuart Little,Germany,51.1657,10.4515
Stuart Little,USA,37.0902,-95.7129
Tarzan,USA,37.0902,-95.7129
The 13th Warrior,USA,37.0902,-95.7129
The Blair Witch Project,USA,37.0902,-95.7129
The Boondock Saints,Canada,56.1304,-106.3468
The Boondock Saints,USA,37.0902,-95.7129
The Green Mile,USA,37.0902,-95.7129
The Haunting,USA,37.0902,-95.7129
The Iron Giant,USA,37.0902,-95.7129
The Matrix,USA,37.0902,-95.7129
The Matrix,Australia,-25.2744,133.7751
The Mummy,USA,37.0902,-95.7129
The Sixth Sense,USA,37.0902,-95.7129
The Talented Mr. Ripley,USA,37.0902,-95.7129
Three to Tango,Australia,-25.2744,133.7751
Three to Tango,USA,37.0902,-95.7129
Topsy-Turvy,UK,55.3781,-3.4361
Toy Story 2,USA,37.0902,-95.7129
Virus,USA,37.0902,-95.7129
Virus,UK,55.3781,-3.4361
Virus,Germany,51.1657,10.4515
Virus,Japan,36.2048,138.2529
Virus,France,46.603354,1.888334
Wild Wild West,USA,37.0902,-95.7129
Wing Commander,USA,37.0902,-95.7129
Wing Commander,Luxembourg,49.8153,6.1296
54,USA,37.0902,-95.7129
American History X,USA,37.0902,-95.7129
Armageddon,USA,37.0902,-95.7129
Beloved,USA,37.0902,-95.7129
Blade,USA,37.0902,-95.7129
Bride of Chucky,Canada,56.1304,-106.3468
Bride of Chucky,USA,37.0902,-95.7129
Dark City,Australia,-25.2744,133.7751
Dark City,USA,37.0902,-95.7129
Deep Impact,USA,37.0902,-95.7129
Disturbing Behavior,Australia,-25.2744,133.7751
Disturbing Behavior,USA,37.0902,-95.7129
Disturbing Behavior,Canada,56.1304,-106.3468
Elizabeth,UK,55.3781,-3.4361
Enemy of the State,USA,37.0902,-95.7129
Fear and Loathing in Las Vegas,USA,37.0902,-95.7129
Get Real,UK,55.3781,-3.4361
Godzilla,USA,37.0902,-95.7129
Godzilla,Japan,36.2048,138.2529
Halloween H20: 20 Years Later,USA,37.0902,-95.7129
Happiness,USA,37.0902,-95.7129
Hope Floats,USA,37.0902,-95.7129
Little Voice,UK,55.3781,-3.4361
"Lock, Stock and Two Smoking Barrels",UK,55.3781,-3.4361
Lost in Space,USA,37.0902,-95.7129
Mercury Rising,USA,37.0902,-95.7129
Mulan,USA,37.0902,-95.7129
Out of Sight,USA,37.0902,-95.7129
Pi,USA,37.0902,-95.7129
Practical Magic,USA,37.0902,-95.7129
Practical Magic,Australia,-25.2744,133.7751
Primary Colors,France,46.603354,1.888334
Primary Colors,UK,55.3781,-3.4361
Primary Colors,Germany,51.1657,10.4515
Primary Colors,USA,37.0902,-95.7129
Primary Colors,Japan,36.2048,138.2529
Quest for Camelot,USA,37.0902,-95.7129
Rounders,USA,37.0902,-95.7129
Run Lola Run,Germany,51.1657,10.4515
Rush Hour,USA,37.0902,-95.7129
Rushmore,USA,37.0902,-95.7129
Safe Men,USA,37.0902,-95.7129
Saving Private Ryan,USA,37.0902,-95.7129
Shakespeare in Love,USA,37.0902,-95.7129
Six Days Seven Nights,USA,37.0902,-95.7129
Sliding Doors,UK,55.3781,-3.4361
Sliding Doors,USA,37.0902,-95.7129
Slums of Beverly Hills,USA,37.0902,-95.7129
Small Soldiers,USA,37.0902,-95.7129
Smoke Signals,Canada,56.1304,-106.3468
Smoke Signals,USA,37.0902,-95.7129
Sphere,USA,37.0902,-95.7129
Star Trek: Insurrection,USA,37.0902,-95.7129
Stepmom,USA,37.0902,-95.7129
The Avengers,USA,37.0902,-95.7129
The Big Lebowski,USA,37.0902,-95.7129
The Big Lebowski,UK,55.3781,-3.4361
The Faculty,USA,37.0902,-95.7129
The Man in the Iron Mask,USA,37.0902,-95.7129
The Man in the Iron Mask,France,46.603354,1.888334
The Mask of Zorro,USA,37.0902,-95.7129
The Mask of Zorro,Germany,51.1657,10.4515
The Negotiator,Germany,51.1657,10.4515
The Negotiator,USA,37.0902,-95.7129
The Prince of Egypt,USA,37.0902,-95.7129
The Proposition,USA,37.0902,-95.7129
The Thin Red Line,USA,37.0902,-95.7129
The Truman Show,USA,37.0902,-95.7129
Urban Legend,USA,37.0902,-95.7129
Urban Legend,France,46.603354,1.888334
Velvet Goldmine,UK,55.3781,-3.4361
Velvet Goldmine,USA,37.0902,-95.7129
Wild Things,USA,37.0902,-95.7129
A Simple Wish,USA,37.0902,-95.7129
Air Bud,USA,37.0902,-95.7129
Air Bud,Canada,56.1304,-106.3468
Air Force One,USA,37.0902,-95.7129
Air Force One,Germany,51.1657,10.4515
Alien: Resurrection,USA,37.0902,-95.7129
Anastasia,USA,37.0902,-95.7129
As Good as It Gets,USA,37.0902,-95.7129
Austin Powers: International Man of Mystery,USA,37.0902,-95.7129
Austin Powers: International Man of Mystery,Germany,51.1657,10.4515
Boogie Nights,USA,37.0902,-95.7129
Chasing Amy,USA,37.0902,-95.7129
Cinderella,USA,37.0902,-95.7129
Clockwatchers,UK,55.3781,-3.4361
Clockwatchers,USA,37.0902,-95.7129
Con Air,USA,37.0902,-95.7129
Conspiracy Theory,USA,37.0902,-95.7129
Contact,USA,37.0902,-95.7129
Event Horizon,UK,55.3781,-3.4361
Event Horizon,USA,37.0902,-95.7129
Fever Pitch,UK,55.3781,-3.4361
Flubber,USA,37.0902,-95.7129
G.I. Jane,USA,37.0902,-95.7129
G.I. Jane,UK,55.3781,-3.4361
Gattaca,USA,37.0902,-95.7129
George of the Jungle,USA,37.0902,-95.7129
Good Will Hunting,USA,37.0902,-95.7129
Grosse Pointe Blank,USA,37.0902,-95.7129
Hercules,USA,37.0902,-95.7129
I Know What You Did Last Summer,USA,37.0902,-95.7129
In the Company of Men,Canada,56.1304,-106.3468
In the Company of Men,USA,37.0902,-95.7129
Jackie Brown,USA,37.0902,-95.7129
Kiss the Girls,USA,37.0902,-95.7129
L.A. Confidential,USA,37.0902,-95.7129
Liar Liar,USA,37.0902,-95.7129
Men in Black,USA,37.0902,-95.7129
Mortal Kombat: Annihilation,USA,37.0902,-95.7129
Orgazmo,USA,37.0902,-95.7129
Orgazmo,Japan,36.2048,138.2529
Scream 2,USA,37.0902,-95.7129
Selena,USA,37.0902,-95.7129
Spawn,USA,37.0902,-95.7129
Starship Troopers,USA,37.0902,-95.7129
The Fifth Element,France,46.603354,1.888334
The Game,USA,37.0902,-95.7129
The Lost World: Jurassic Park,USA,37.0902,-95.7129
The Peacemaker,USA,37.0902,-95.7129
The Postman,USA,37.0902,-95.7129
Titanic,USA,37.0902,-95.7129
Volcano,USA,37.0902,-95.7129
August,UK,55.3781,-3.4361
August,USA,37.0902,-95.7129
Bound,USA,37.0902,-95.7129
Broken Arrow,USA,37.0902,-95.7129
Chain Reaction,USA,37.0902,-95.7129
DragonHeart,USA,37.0902,-95.7129
Emma,UK,55.3781,-3.4361
Emma,USA,37.0902,-95.7129
Escape from L.A.,USA,37.0902,-95.7129
Eye for an Eye,USA,37.0902,-95.7129
Fargo,USA,37.0902,-95.7129
Fargo,UK,55.3781,-3.4361
Freeway,USA,37.0902,-95.7129
From Dusk Till Dawn,USA,37.0902,-95.7129
Hamlet,UK,55.3781,-3.4361
Hamlet,USA,37.0902,-95.7129
Harriet the Spy,USA,37.0902,-95.7129
Independence Day,USA,37.0902,-95.7129
Jingle All the Way,USA,37.0902,-95.7129
Kingpin,USA,37.0902,-95.7129
Love and Other Catastrophes,Australia,-25.2744,133.7751
Mars Attacks!,USA,37.0902,-95.7129
Mission: Impossible,USA,37.0902,-95.7129
Romeo + Juliet,USA,37.0902,-95.7129
Scream,USA,37.0902,-95.7129
Set It Off,USA,37.0902,-95.7129
Space Jam,USA,37.0902,-95.7129
Spy Hard,USA,37.0902,-95.7129
Star Trek: First Contact,USA,37.0902,-95.7129
Striptease,USA,37.0902,-95.7129
That Thing You Do!,USA,37.0902,-95.7129
The Cable Guy,USA,37.0902,-95.7129
The Craft,USA,37.0902,-95.7129
The English Patient,USA,37.0902,-95.7129
The English Patient,UK,55.3781,-3.4361
The Fan,USA,37.0902,-95.7129
The First Wives Club,USA,37.0902,-95.7129
The Glimmer Man,USA,37.0902,-95.7129
The Hunchback of Notre Dame,USA,37.0902,-95.7129
The Long Kiss Goodnight,USA,37.0902,-95.7129
The Mirror Has Two Faces,USA,37.0902,-95.7129
The Rock,USA,37.0902,-95.7129
Trainspotting,UK,55.3781,-3.4361
Twister,USA,37.0902,-95.7129
Walking and Talking,UK,55.3781,-3.4361
Walking and Talking,USA,37.0902,-95.7129
Walking and Talking,Germany,51.1657,10.4515
Apollo 13,USA,37.0902,-95.7129
Assassins,USA,37.0902,-95.7129
Assassins,France,46.603354,1.888334
Batman Forever,USA,37.0902,-95.7129
Batman Forever,UK,55.3781,-3.4361
Before Sunrise,USA,37.0902,-95.7129
Before Sunrise,Austria,47.5162,14.5501
Before Sunrise,Switzerland,46.8182,8.2275
Braveheart,USA,37.0902,-95.7129
Casino,USA,37.0902,-95.7129
Casino,France,46.603354,1.888334
Casper,USA,37.0902,-95.7129
Clueless,USA,37.0902,-95.7129
Congo,USA,37.0902,-95.7129
Copycat,USA,37.0902,-95.7129
Die Hard: With a Vengeance,USA,37.0902,-95.7129
Jumanji,USA,37.0902,-95.7129
Mallrats,USA,37.0902,-95.7129
Mortal Kombat,USA,37.0902,-95.7129
Outbreak,USA,37.0902,-95.7129
Pocahontas,USA,37.0902,-95.7129
Pride and Prejudice,UK,55.3781,-3.4361
Sabrina,Germany,51.1657,10.4515
Sabrina,USA,37.0902,-95.7129
Safe,UK,55.3781,-3.4361
Safe,USA,37.0902,-95.7129
Se7en,USA,37.0902,-95.7129
Sense and Sensibility,USA,37.0902,-95.7129
Sense and Sensibility,UK,55.3781,-3.4361
Showgirls,France,46.603354,1.888334
Showgirls,USA,37.0902,-95.7129
Species,USA,37.0902,-95.7129
Tank Girl,USA,37.0902,-95.7129
The American President,USA,37.0902,-95.7129
The Bridges of Madison County,USA,37.0902,-95.7129
The Net,USA,37.0902,-95.7129
The Quick and the Dead,USA,37.0902,-95.7129
The Quick and the Dead,Japan,36.2048,138.2529
The Usual Suspects,USA,37.0902,-95.7129
The Usual Suspects,Germany,51.1657,10.4515
Toy Story,USA,37.0902,-95.7129
Twelve Monkeys,USA,37.0902,-95.7129
Waterworld,USA,37.0902,-95.7129
Welcome to the Dollhouse,USA,37.0902,-95.7129
Ace Ventura: Pet Detective,USA,37.0902,-95.7129
Beverly Hills Cop III,USA,37.0902,-95.7129
Clerks.,USA,37.0902,-95.7129
Crooklyn,USA,37.0902,-95.7129
Ed Wood,USA,37.0902,-95.7129
Forrest Gump,USA,37.0902,-95.7129
Legends of the Fall,USA,37.0902,-95.7129
Little Women,USA,37.0902,-95.7129
Little Women,Canada,56.1304,-106.3468
Naked Gun 33 1/3: The Final Insult,USA,37.0902,-95.7129
Police Academy: Mission to Moscow,USA,37.0902,-95.7129
Priest,UK,55.3781,-3.4361
Pulp Fiction,USA,37.0902,-95.7129
Speed,USA,37.0902,-95.7129
Stargate,France,46.603354,1.888334
Stargate,USA,37.0902,-95.7129
Street Fighter,USA,37.0902,-95.7129
Street Fighter,Japan,36.2048,138.2529
The Client,USA,37.0902,-95.7129
The Hudsucker Proxy,UK,55.3781,-3.4361
The Hudsucker Proxy,Germany,51.1657,10.4515
The Hudsucker Proxy,USA,37.0902,-95.7129
The Lion King,USA,37.0902,-95.7129
The Mask,USA,37.0902,-95.7129
The Santa Clause,USA,37.0902,-95.7129
The Shadow,USA,37.0902,-95.7129
The Shawshank Redemption,USA,37.0902,-95.7129
The Specialist,Peru,-9.191,-75.0152
The Specialist,USA,37.0902,-95.7129
Timecop,Canada,56.1304,-106.3468
Timecop,USA,37.0902,-95.7129
Timecop,Japan,36.2048,138.2529
True Lies,USA,37.0902,-95.7129
Cliffhanger,Italy,41.8719,12.5674
Cliffhanger,France,46.603354,1.888334
Cliffhanger,USA,37.0902,-95.7129
Cool Runnings,USA,37.0902,-95.7129
Dazed and Confused,USA,37.0902,-95.7129
Gettysburg,USA,37.0902,-95.7129
Groundhog Day,USA,37.0902,-95.7129
Hocus Pocus,USA,37.0902,-95.7129
Jurassic Park,USA,37.0902,-95.7129
Mrs. Doubtfire,USA,37.0902,-95.7129
Super Mario Bros.,UK,55.3781,-3.4361
Super Mario Bros.,USA,37.0902,-95.7129
The Age of Innocence,USA,37.0902,-95.7129
The Fugitive,USA,37.0902,-95.7129
The Princess and the Cobbler,UK,55.3781,-3.4361
The Princess and the Cobbler,USA,37.0902,-95.7129
The Remains of the Day,UK,55.3781,-3.4361
The Remains of the Day,USA,37.0902,-95.7129
Tombstone,USA,37.0902,-95.7129
A Few Good Men,USA,37.0902,-95.7129
A League of Their Own,USA,37.0902,-95.7129
Aladdin,USA,37.0902,-95.7129
Army of Darkness,USA,37.0902,-95.7129
Batman Returns,USA,37.0902,-95.7129
Batman Returns,UK,55.3781,-3.4361
Buffy the Vampire Slayer,USA,37.0902,-95.7129
Death Becomes Her,USA,37.0902,-95.7129
Glengarry Glen Ross,USA,37.0902,-95.7129
Hero,USA,37.0902,-95.7129
Home Alone 2: Lost in New York,USA,37.0902,-95.7129
Malcolm X,USA,37.0902,-95.7129
Malcolm X,Japan,36.2048,138.2529
My Cousin Vinny,USA,37.0902,-95.7129
Reservoir Dogs,USA,37.0902,-95.7129
The Crying Game,UK,55.3781,-3.4361
The Crying Game,Japan,36.2048,138.2529
The Mighty Ducks,USA,37.0902,-95.7129
The Muppet Christmas Carol,USA,37.0902,-95.7129
The Player,USA,37.0902,-95.7129
Beauty and the Beast,USA,37.0902,-95.7129
Hook,USA,37.0902,-95.7129
Hudson Hawk,USA,37.0902,-95.7129
Robin Hood: Prince of Thieves,USA,37.0902,-95.7129
Slacker,USA,37.0902,-95.7129
Star Trek VI: The Undiscovered Country,USA,37.0902,-95.7129
Teenage Mutant Ninja Turtles II: The Secret of the Ooze,USA,37.0902,-95.7129
Teenage Mutant Ninja Turtles II: The Secret of the Ooze,Hong Kong,22.3193,114.1694
The Addams Family,USA,37.0902,-95.7129
The Silence of the Lambs,USA,37.0902,-95.7129
White Fang,USA,37.0902,-95.7129
Back to the Future Part III,USA,37.0902,-95.7129
Die Hard 2,USA,37.0902,-95.7129
Edward Scissorhands,USA,37.0902,-95.7129
Flatliners,USA,37.0902,-95.7129
Ghost,USA,37.0902,-95.7129
Goodfellas,USA,37.0902,-95.7129
Home Alone,USA,37.0902,-95.7129
Predator 2,USA,37.0902,-95.7129
Pretty Woman,USA,37.0902,-95.7129
The Hunt for Red October,USA,37.0902,-95.7129
Total Recall,USA,37.0902,-95.7129
Tremors,USA,37.0902,-95.7129
Back to the Future Part II,USA,37.0902,-95.7129
Batman,USA,37.0902,-95.7129
Batman,UK,55.3781,-3.4361
Dead Poets Society,USA,37.0902,-95.7129
Henry V,UK,55.3781,-3.4361
Indiana Jones and the Last Crusade,USA,37.0902,-95.7129
Licence to Kill,UK,55.3781,-3.4361
Licence to Kill,USA,37.0902,-95.7129
Major League,USA,37.0902,-95.7129
Road House,USA,37.0902,-95.7129
"Sex, Lies, and Videotape",USA,37.0902,-95.7129
Star Trek V: The Final Frontier,USA,37.0902,-95.7129
The Abyss,USA,37.0902,-95.7129
Troop Beverly Hills,USA,37.0902,-95.7129
UHF,USA,37.0902,-95.7129
Action Jackson,USA,37.0902,-95.7129
Akira,Japan,36.2048,138.2529
Bloodsport,USA,37.0902,-95.7129
Dangerous Liaisons,USA,37.0902,-95.7129
Dangerous Liaisons,UK,55.3781,-3.4361
Die Hard,USA,37.0902,-95.7129
Midnight Run,USA,37.0902,-95.7129
My Stepmother Is an Alien,USA,37.0902,-95.7129
Mystic Pizza,USA,37.0902,-95.7129
Poltergeist III,USA,37.0902,-95.7129
Rain Man,USA,37.0902,-95.7129
Scrooged,USA,37.0902,-95.7129
The Land Before Time,USA,37.0902,-95.7129
The Land Before Time,Ireland,53.1424,-7.6921
The Last Temptation of Christ,USA,37.0902,-95.7129
The Last Temptation of Christ,Canada,56.1304,-106.3468
They Live,USA,37.0902,-95.7129
Twins,USA,37.0902,-95.7129
Who Framed Roger Rabbit,USA,37.0902,-95.7129
Young Guns,USA,37.0902,-95.7129
Beverly Hills Cop II,USA,37.0902,-95.7129
Evil Dead II,USA,37.0902,-95.7129
Fatal Attraction,USA,37.0902,-95.7129
"Good Morning, Vietnam",USA,37.0902,-95.7129
Hellraiser,UK,55.3781,-3.4361
Lethal Weapon,USA,37.0902,-95.7129
Predator,USA,37.0902,-95.7129
Radio Days,USA,37.0902,-95.7129
RoboCop,USA,37.0902,-95.7129
Spaceballs,USA,37.0902,-95.7129
Superman IV: The Quest for Peace,UK,55.3781,-3.4361
Superman IV: The Quest for Peace,USA,37.0902,-95.7129
The Last Emperor,China,35.8617,104.1954
The Last Emperor,Italy,41.8719,12.5674
The Last Emperor,UK,55.3781,-3.4361
The Last Emperor,France,46.603354,1.888334
The Lost Boys,USA,37.0902,-95.7129
The Princess Bride,USA,37.0902,-95.7129
Aliens,USA,37.0902,-95.7129
Aliens,UK,55.3781,-3.4361
Crocodile Dundee,Australia,-25.2744,133.7751
Highlander,UK,55.3781,-3.4361
Little Shop of Horrors,USA,37.0902,-95.7129
Peggy Sue Got Married,USA,37.0902,-95.7129
Platoon,UK,55.3781,-3.4361
Platoon,USA,37.0902,-95.7129
The Clan of the Cave Bear,USA,37.0902,-95.7129
Top Gun,USA,37.0902,-95.7129
Back to the Future,USA,37.0902,-95.7129
Brazil,UK,55.3781,-3.4361
Commando,USA,37.0902,-95.7129
Day of the Dead,USA,37.0902,-95.7129
Ladyhawke,USA,37.0902,-95.7129
Legend,USA,37.0902,-95.7129
Legend,UK,55.3781,-3.4361
My Beautiful Laundrette,UK,55.3781,-3.4361
Red Sonja,Netherlands,52.1326,5.2913
Red Sonja,USA,37.0902,-95.7129
Return to Oz,UK,55.3781,-3.4361
Return to Oz,USA,37.0902,-95.7129
The Color Purple,USA,37.0902,-95.7129
Amadeus,USA,37.0902,-95.7129
Beverly Hills Cop,USA,37.0902,-95.7129
Body Double,USA,37.0902,-95.7129
Conan the Destroyer,USA,37.0902,-95.7129
Dune,USA,37.0902,-95.7129
Ghostbusters,USA,37.0902,-95.7129
Gremlins,USA,37.0902,-95.7129
Indiana Jones and the Temple of Doom,USA,37.0902,-95.7129
Police Academy,USA,37.0902,-95.7129
Repo Man,USA,37.0902,-95.7129
Splash,USA,37.0902,-95.7129
Star Trek III: The Search for Spock,USA,37.0902,-95.7129
The Karate Kid,USA,37.0902,-95.7129
The Terminator,UK,55.3781,-3.4361
The Terminator,USA,37.0902,-95.7129
Flashdance,USA,37.0902,-95.7129
Star Wars: Episode VI - Return of the Jedi,USA,37.0902,-95.7129
Superman III,UK,55.3781,-3.4361
Superman III,USA,37.0902,-95.7129
Videodrome,Canada,56.1304,-106.3468
WarGames,USA,37.0902,-95.7129
Blade Runner,USA,37.0902,-95.7129
Blade Runner,Hong Kong,22.3193,114.1694
Blade Runner,UK,55.3781,-3.4361
Cat People,USA,37.0902,-95.7129
Conan the Barbarian,USA,37.0902,-95.7129
Diner,USA,37.0902,-95.7129
Fast Times at Ridgemont High,USA,37.0902,-95.7129
First Blood,USA,37.0902,-95.7129
Friday the 13th Part III,USA,37.0902,-95.7129
Poltergeist,USA,37.0902,-95.7129
The Best Little Whorehouse in Texas,USA,37.0902,-95.7129
Tootsie,USA,37.0902,-95.7129
TRON,USA,37.0902,-95.7129
Das Boot,West Germany,51.1657,10.4515
Escape from New York,UK,55.3781,-3.4361
Escape from New York,USA,37.0902,-95.7129
Friday the 13th Part 2,USA,37.0902,-95.7129
Halloween II,USA,37.0902,-95.7129
Heavy Metal,Canada,56.1304,-106.3468
History of the World: Part I,USA,37.0902,-95.7129
Raiders of the Lost Ark,USA,37.0902,-95.7129
The Evil Dead,USA,37.0902,-95.7129
Time Bandits,UK,55.3781,-3.4361
Airplane!,USA,37.0902,-95.7129
Fame,USA,37.0902,-95.7129
Flash Gordon,USA,37.0902,-95.7129
Flash Gordon,UK,55.3781,-3.4361
Friday the 13th,USA,37.0902,-95.7129
Private Benjamin,USA,37.0902,-95.7129
Raging Bull,USA,37.0902,-95.7129
Somewhere in Time,USA,37.0902,-95.7129
Star Wars: Episode V - The Empire Strikes Back,USA,37.0902,-95.7129
Superman II,USA,37.0902,-95.7129
Superman II,UK,55.3781,-3.4361
The Blues Brothers,USA,37.0902,-95.7129
The Fog,USA,37.0902,-95.7129
The Shining,UK,55.3781,-3.4361
The Shining,USA,37.0902,-95.7129
Alien,USA,37.0902,-95.7129
Alien,UK,55.3781,-3.4361
Apocalypse Now,USA,37.0902,-95.7129
Moonraker,UK,55.3781,-3.4361
Moonraker,France,46.603354,1.888334
Star Trek: The Motion Picture,USA,37.0902,-95.7129
The Amityville Horror,USA,37.0902,-95.7129
Animal House,USA,37.0902,-95.7129
Dawn of the Dead,Italy,41.8719,12.5674
Dawn of the Dead,USA,37.0902,-95.7129
Days of Heaven,USA,37.0902,-95.7129
Grease,USA,37.0902,-95.7129
Halloween,USA,37.0902,-95.7129
I Spit on Your Grave,USA,37.0902,-95.7129
Superman,USA,37.0902,-95.7129
Superman,UK,55.3781,-3.4361
The Deer Hunter,UK,55.3781,-3.4361
The Deer Hunter,USA,37.0902,-95.7129
A Bridge Too Far,USA,37.0902,-95.7129
A Bridge Too Far,UK,55.3781,-3.4361
Annie Hall,USA,37.0902,-95.7129
Close Encounters of the Third Kind,USA,37.0902,-95.7129
Eraserhead,USA,37.0902,-95.7129
High Anxiety,USA,37.0902,-95.7129
Julia,USA,37.0902,-95.7129
Assault on Precinct 13,USA,37.0902,-95.7129
Family Plot,USA,37.0902,-95.7129
Network,USA,37.0902,-95.7129
Rocky,USA,37.0902,-95.7129
Silent Movie,USA,37.0902,-95.7129
Sparkle,USA,37.0902,-95.7129
Taxi Driver,USA,37.0902,-95.7129
Barry Lyndon,UK,55.3781,-3.4361
Barry Lyndon,USA,37.0902,-95.7129
Jaws,USA,37.0902,-95.7129
Monty Python and the Holy Grail,UK,55.3781,-3.4361
The Rocky Horror Picture Show,UK,55.3781,-3.4361
The Rocky Horror Picture Show,USA,37.0902,-95.7129
Black Christmas,Canada,56.1304,-106.3468
Blazing Saddles,USA,37.0902,-95.7129
The Conversation,USA,37.0902,-95.7129
The Godfather: Part II,USA,37.0902,-95.7129
The Texas Chain Saw Massacre,USA,37.0902,-95.7129
The Towering Inferno,USA,37.0902,-95.7129
Young Frankenstein,USA,37.0902,-95.7129
American Graffiti,USA,37.0902,-95.7129
High Plains Drifter,USA,37.0902,-95.7129
Sleeper,USA,37.0902,-95.7129
The Exorcist,USA,37.0902,-95.7129
The Sting,USA,37.0902,-95.7129
1776,USA,37.0902,-95.7129
Pink Flamingos,USA,37.0902,-95.7129
The Godfather,USA,37.0902,-95.7129
Escape from the Planet of the Apes,USA,37.0902,-95.7129
Shaft,USA,37.0902,-95.7129
Straw Dogs,USA,37.0902,-95.7129
Straw Dogs,UK,55.3781,-3.4361
The French Connection,USA,37.0902,-95.7129
Beyond the Valley of the Dolls,USA,37.0902,-95.7129
